impedance,present_position,angle
20.36653,2384,209.5553257
20.36653,2386,209.7311272
20.87725,2389,209.9948294
20.87725,2393,210.3464323
20.36653,2397,210.6980352
20.36653,2403,211.2254395
20.36653,2407,211.5770424
20.36653,2412,212.016546
20.36653,2417,212.4560496
20.12119,2422,212.8955533
20.36653,2426,213.2471562
20.36653,2431,213.6866598
20.36653,2437,214.2140641
20.12119,2442,214.6535677
20.36653,2446,215.0051706
20.36653,2452,215.532575
20.12119,2457,215.9720786
20.12119,2466,216.7631851
20.36653,2469,217.0268873
20.36653,2472,217.2905895
20.87725,2477,217.7300931
20.36653,2482,218.1695967
20.87725,2487,218.6091003
20.36653,2492,219.0486039
20.36653,2497,219.4881075
20.36653,2502,219.9276112
20.36653,2507,220.3671148
20.36653,2512,220.8066184
20.36653,2517,221.246122
20.36653,2522,221.6856256
20.36653,2527,222.1251293
20.36653,2533,222.6525336
20.36653,2537,223.0041365
20.36653,2542,223.4436401
20.36653,2547,223.8831437
20.36653,2552,224.3226474
20.36653,2557,224.762151
20.36653,2562,225.2016546
20.36653,2567,225.6411582
20.36653,2572,226.0806618
20.36653,2578,226.6080662
20.36653,2582,226.9596691
20.12119,2588,227.4870734
20.36653,2593,227.926577
20.36653,2597,228.2781799
20.12119,2601,228.6297828
20.36653,2607,229.1571872
20.36653,2612,229.5966908
20.36653,2617,230.0361944
20.36653,2622,230.475698
19.87746,2627,230.9152017
20.36653,2632,231.3547053
20.36653,2637,231.7942089
20.36653,2643,232.3216132
20.36653,2647,232.6732161
20.12119,2652,233.1127198
19.87746,2658,233.6401241
20.36653,2662,233.991727
19.87746,2667,234.4312306
20.36653,2672,234.8707342
19.87746,2677,235.3102378
19.87746,2682,235.7497415
19.87746,2687,236.1892451
19.87746,2692,236.6287487
19.64917,2697,237.0682523
19.87746,2702,237.5077559
19.64917,2707,237.9472596
19.87746,2713,238.4746639
19.87746,2718,238.9141675
19.87746,2722,239.2657704
19.87746,2727,239.705274
19.87746,2732,240.1447777
19.87746,2737,240.5842813
19.64917,2742,241.0237849
19.64917,2747,241.4632885
19.64917,2752,241.9027921
19.64917,2757,242.3422958
19.64917,2762,242.7817994
19.40888,2767,243.221303
19.64917,2772,243.6608066
19.64917,2777,244.1003102
19.87746,2782,244.5398139
19.87746,2787,244.9793175
19.40888,2791,245.3309204
19.87746,2796,245.770424
19.87746,2802,246.2978283
19.40888,2807,246.737332
19.64917,2812,247.1768356
19.1962,2817,247.6163392
19.40888,2822,248.0558428
19.87746,2827,248.4953464
19.40888,2833,249.0227508
19.64917,2837,249.3743537
19.64917,2842,249.8138573
19.87746,2847,250.2533609
19.64917,2852,250.6928645
19.1962,2857,251.1323681
19.87746,2861,251.483971
19.87746,2867,252.0113754
19.64917,2872,252.450879
19.1962,2877,252.8903826
19.40888,2882,253.3298862
19.87746,2887,253.7693899
19.64917,2892,254.2088935
19.64917,2897,254.6483971
19.87746,2903,255.1758014
19.64917,2907,255.5274043
19.64917,2912,255.966908
19.64917,2917,256.4064116
19.87746,2922,256.8459152
19.87746,2927,257.2854188
19.1962,2932,257.7249224
19.87746,2937,258.1644261
19.64917,2942,258.6039297
19.87746,2947,259.0434333
19.87746,2952,259.4829369
19.64917,2957,259.9224405
19.64917,2962,260.3619442
19.40888,2967,260.8014478
19.64917,2972,261.2409514
19.64917,2976,261.5925543
19.87746,2981,262.0320579
19.87746,2987,262.5594623
19.87746,2993,263.0868666
19.64917,2997,263.4384695
19.87746,3003,263.9658738
19.40888,3007,264.3174767
19.87746,3012,264.7569804
19.87746,3017,265.196484
19.87746,3022,265.6359876
19.87746,3027,266.0754912
19.87746,3032,266.5149948
19.1962,3036,266.8665977
19.64917,3042,267.3940021
19.87746,3047,267.8335057
19.87746,3052,268.2730093
19.87746,3057,268.7125129
19.64917,3062,269.1520165
19.1962,3067,269.5915202
19.87746,3072,270.0310238
19.64917,3077,270.4705274
19.40888,3082,270.910031
19.40888,3087,271.3495346
19.64917,3092,271.7890383
19.1962,3097,272.2285419
19.64917,3103,272.7559462
19.64917,3107,273.1075491
19.64917,3112,273.5470527
19.64917,3117,273.9865564
19.64917,3122,274.42606
19.87746,3128,274.9534643
19.87746,3132,275.3050672
19.87746,3137,275.7445708
19.1962,3142,276.1840745
19.87746,3147,276.6235781
19.1962,3152,277.0630817
19.87746,3157,277.5025853
19.1962,3162,277.9420889
19.1962,3166,278.2936918
19.64917,3172,278.8210962
19.1962,3177,279.2605998
19.64917,3182,279.7001034
19.1962,3187,280.139607
19.1962,3193,280.6670114
19.87746,3197,281.0186143
19.64917,3202,281.4581179
19.1962,3207,281.8976215
19.1962,3212,282.3371251
19.40888,3217,282.7766287
19.1962,3222,283.2161324
19.1962,3227,283.655636
19.1962,3232,284.0951396
19.1962,3237,284.5346432
19.1962,3242,284.9741468
19.1962,3247,285.4136505
19.1962,3252,285.8531541
19.40888,3257,286.2926577
19.1962,3262,286.7321613
19.40888,3267,287.1716649
19.64917,3272,287.6111686
19.1962,3277,288.0506722
19.40888,3282,288.4901758
19.1962,3287,288.9296794
19.1962,3291,289.2812823
19.1962,3297,289.8086867
19.1962,3302,290.2481903
19.1962,3307,290.6876939
19.40888,3312,291.1271975
19.87746,3317,291.5667011
19.1962,3322,292.0062048
19.1962,3327,292.4457084
19.1962,3332,292.885212
19.1962,3336,293.2368149
19.1962,3342,293.7642192
19.64917,3347,294.2037229
19.1962,3351,294.5553257
19.40888,3357,295.0827301
19.1962,3362,295.5222337
19.1962,3367,295.9617373
19.1962,3372,296.401241
19.1962,3377,296.8407446
19.1962,3382,297.2802482
19.1962,3387,297.7197518
19.1962,3392,298.1592554
19.1962,3396,298.5108583
19.64917,3402,299.0382627
19.40888,3406,299.3898656
19.1962,3412,299.9172699
19.1962,3417,300.3567735
19.1962,3421,300.7083764
19.64917,3427,301.2357808
19.1962,3433,301.7631851
19.1962,3437,302.114788
19.64917,3442,302.5542916
19.64917,3447,302.9937952
19.40888,3452,303.4332989
19.1962,3456,303.7849018
19.40888,3462,304.3123061
19.1962,3466,304.663909
19.87746,3471,305.1034126
19.64917,3477,305.630817
19.1962,3482,306.0703206
19.64917,3487,306.5098242
19.1962,3492,306.9493278
19.64917,3497,307.3888314
19.40888,3502,307.8283351
19.1962,3507,308.2678387
19.40888,3512,308.7073423
19.87746,3517,309.1468459
19.1962,3522,309.5863495
19.1962,3526,309.9379524
19.87746,3532,310.4653568
19.87746,3536,310.8169597
19.1962,3541,311.2564633
19.1962,3547,311.7838676
19.1962,3552,312.2233713
19.1962,3557,312.6628749
19.64917,3562,313.1023785
19.1962,3567,313.5418821
19.64917,3572,313.9813857
19.1962,3577,314.4208893
19.1962,3582,314.860393
19.1962,3587,315.2998966
19.1962,3592,315.7394002
19.64917,3597,316.1789038
19.1962,3602,316.6184074
19.64917,3607,317.0579111
19.1962,3612,317.4974147
19.87746,3617,317.9369183
19.1962,3622,318.3764219
19.64917,3627,318.8159255
19.1962,3632,319.2554292
19.40888,3637,319.6949328
19.64917,3642,320.1344364
19.64917,3647,320.57394
19.64917,3652,321.0134436
19.64917,3656,321.3650465
19.64917,3662,321.8924509
19.1962,3667,322.3319545
19.1962,3672,322.7714581
19.1962,3676,323.123061
19.64917,3682,323.6504654
19.64917,3687,324.089969
19.64917,3692,324.5294726
19.87746,3697,324.9689762
19.1962,3702,325.4084798
19.87746,3707,325.8479835
19.1962,3712,326.2874871
19.40888,3717,326.7269907
19.64917,3721,327.0785936
19.1962,3722,327.1664943
19.64917,3720,326.9906929
19.64917,3717,326.7269907
19.64917,3713,326.3753878
19.64917,3708,325.9358842
19.87746,3703,325.4963806
19.64917,3698,325.0568769
19.64917,3694,324.705274
19.64917,3689,324.2657704
19.64917,3684,323.8262668
19.40888,3679,323.3867632
19.64917,3673,322.8593588
19.64917,3669,322.5077559
19.64917,3663,321.9803516
19.64917,3659,321.6287487
19.64917,3654,321.1892451
19.87746,3648,320.6618407
19.64917,3643,320.2223371
19.64917,3639,319.8707342
19.64917,3634,319.4312306
19.87746,3629,318.991727
19.64917,3624,318.5522234
19.64917,3619,318.1127198
19.64917,3614,317.6732161
19.64917,3609,317.2337125
19.64917,3604,316.7942089
19.64917,3598,316.2668046
19.64917,3594,315.9152017
19.64917,3589,315.475698
19.64917,3583,314.9482937
19.64917,3579,314.5966908
19.87746,3574,314.1571872
19.1962,3569,313.7176836
19.64917,3564,313.2781799
19.64917,3559,312.8386763
19.64917,3554,312.3991727
19.64917,3549,311.9596691
19.64917,3543,311.4322647
19.87746,3538,310.9927611
19.64917,3534,310.6411582
19.64917,3529,310.2016546
19.64917,3524,309.762151
19.87746,3519,309.3226474
19.1962,3514,308.8831437
19.64917,3509,308.4436401
19.64917,3504,308.0041365
19.64917,3499,307.5646329
19.64917,3494,307.1251293
19.64917,3489,306.6856256
19.64917,3484,306.246122
19.64917,3479,305.8066184
19.64917,3474,305.3671148
19.64917,3469,304.9276112
19.64917,3464,304.4881075
19.64917,3459,304.0486039
19.87746,3454,303.6091003
19.64917,3449,303.1695967
19.64917,3444,302.7300931
19.64917,3439,302.2905895
20.12119,3434,301.8510858
19.87746,3428,301.3236815
19.64917,3423,300.8841779
19.64917,3419,300.532575
19.64917,3414,300.0930714
19.64917,3409,299.6535677
19.87746,3403,299.1261634
19.64917,3398,298.6866598
19.64917,3393,298.2471562
19.64917,3389,297.8955533
19.64917,3384,297.4560496
20.12119,3379,297.016546
20.36653,3374,296.5770424
20.12119,3369,296.1375388
19.64917,3364,295.6980352
19.64917,3359,295.2585315
19.64917,3354,294.8190279
19.64917,3348,294.2916236
19.64917,3343,293.85212
19.64917,3339,293.5005171
19.64917,3334,293.0610134
19.64917,3329,292.6215098
19.64917,3324,292.1820062
19.64917,3319,291.7425026
19.64917,3314,291.302999
19.87746,3309,290.8634953
19.64917,3304,290.4239917
20.12119,3299,289.9844881
19.64917,3293,289.4570838
19.64917,3288,289.0175801
20.12119,3284,288.6659772
19.64917,3278,288.1385729
19.64917,3274,287.78697
19.64917,3269,287.3474664
19.64917,3263,286.820062
19.64917,3258,286.3805584
20.12119,3254,286.0289555
20.36653,3249,285.5894519
19.64917,3243,285.0620476
20.36653,3238,284.622544
19.64917,3233,284.1830403
19.64917,3229,283.8314374
20.12119,3223,283.3040331
19.64917,3219,282.9524302
20.12119,3214,282.5129266
19.64917,3208,281.9855222
20.12119,3204,281.6339193
19.87746,3199,281.1944157
19.87746,3194,280.7549121
19.87746,3188,280.2275078
19.64917,3183,279.7880041
19.64917,3178,279.3485005
20.12119,3173,278.9089969
20.12119,3168,278.4694933
19.64917,3163,278.0299897
20.12119,3158,277.590486
19.64917,3153,277.1509824
19.64917,3149,276.7993795
19.64917,3144,276.3598759
20.12119,3139,275.9203723
20.12119,3134,275.4808687
20.36653,3129,275.041365
19.64917,3123,274.5139607
19.64917,3118,274.0744571
19.64917,3114,273.7228542
20.12119,3108,273.1954498
20.12119,3103,272.7559462
20.12119,3098,272.3164426
20.12119,3094,271.9648397
20.36653,3089,271.5253361
19.64917,3084,271.0858325
19.64917,3078,270.5584281
20.12119,3074,270.2068252
20.36653,3069,269.7673216
20.12119,3064,269.327818
19.64917,3059,268.8883144
20.12119,3053,268.36091
20.12119,3049,268.0093071
20.36653,3044,267.5698035
20.12119,3038,267.0423992
20.12119,3033,266.6028956
20.12119,3029,266.2512927
20.12119,3024,265.811789
20.12119,3019,265.3722854
20.12119,3014,264.9327818
20.12119,3009,264.4932782
20.12119,3003,263.9658738
20.12119,2998,263.5263702
20.36653,2994,263.1747673
20.36653,2989,262.7352637
20.12119,2983,262.2078594
20.12119,2978,261.7683557
20.12119,2974,261.4167528
20.36653,2969,260.9772492
20.12119,2964,260.5377456
20.12119,2959,260.098242
20.36653,2954,259.6587384
20.12119,2948,259.131334
20.36653,2944,258.7797311
20.12119,2939,258.3402275
20.12119,2933,257.8128232
20.12119,2928,257.3733195
20.12119,2923,256.9338159
20.12119,2918,256.4943123
20.12119,2913,256.0548087
20.12119,2909,255.7032058
20.12119,2903,255.1758014
20.12119,2899,254.8241986
20.36653,2894,254.3846949
20.12119,2889,253.9451913
20.12119,2883,253.417787
20.36653,2878,252.9782834
20.36653,2874,252.6266805
20.12119,2869,252.1871768
20.12119,2863,251.6597725
20.12119,2859,251.3081696
20.36653,2854,250.868666
20.36653,2849,250.4291624
20.12119,2844,249.9896587
20.36653,2839,249.5501551
20.12119,2834,249.1106515
20.36653,2829,248.6711479
20.12119,2824,248.2316443
20.12119,2818,247.7042399
20.12119,2813,247.2647363
20.12119,2809,246.9131334
20.12119,2804,246.4736298
20.12119,2798,245.9462254
20.12119,2793,245.5067218
20.61322,2789,245.1551189
20.36653,2784,244.7156153
20.12119,2779,244.2761117
20.12119,2774,243.8366081
20.12119,2769,243.3971044
20.12119,2763,242.8697001
20.12119,2759,242.5180972
20.12119,2754,242.0785936
20.12119,2749,241.63909
20.12119,2743,241.1116856
20.12119,2739,240.7600827
20.12119,2734,240.3205791
20.61322,2727,239.705274
20.36653,2723,239.3536711
20.36653,2719,239.0020683
20.12119,2714,238.5625646
20.12119,2709,238.123061
20.61322,2704,237.6835574
20.61322,2699,237.2440538
20.36653,2694,236.8045502
20.36653,2689,236.3650465
20.12119,2683,235.8376422
20.12119,2679,235.4860393
20.12119,2673,234.958635
20.36653,2669,234.6070321
20.12119,2664,234.1675284
20.12119,2660,233.8159255
20.61322,2654,233.2885212
20.12119,2649,232.8490176
20.36653,2643,232.3216132
20.61322,2638,231.8821096
20.12119,2634,231.5305067
20.36653,2629,231.0910031
20.36653,2623,230.5635988
20.36653,2618,230.1240951
20.12119,2614,229.7724922
20.12119,2609,229.3329886
20.12119,2604,228.893485
20.61322,2599,228.4539814
20.87725,2593,227.926577
20.12119,2589,227.5749741
20.36653,2584,227.1354705
20.36653,2579,226.6959669
20.61322,2574,226.2564633
20.12119,2568,225.7290589
20.61322,2564,225.377456
20.12119,2559,224.9379524
20.12119,2553,224.4105481
20.87725,2549,224.0589452
20.12119,2544,223.6194416
20.87725,2539,223.179938
20.87725,2534,222.7404343
20.12119,2529,222.3009307
20.12119,2521,221.5977249
20.61322,2517,221.246122
20.61322,2513,220.8945191
20.12119,2508,220.4550155
20.87725,2503,220.0155119
20.12119,2498,219.5760083
20.61322,2494,219.2244054
20.61322,2489,218.7849018
20.87725,2484,218.3453981
20.87725,2479,217.9058945
20.12119,2474,217.4663909
20.87725,2468,216.9389866
20.87725,2464,216.5873837
20.61322,2459,216.14788
20.87725,2454,215.7083764
20.61322,2449,215.2688728
20.61322,2444,214.8293692
20.36653,2439,214.3898656
20.61322,2434,213.9503619
20.61322,2429,213.5108583
20.61322,2424,213.0713547
20.36653,2419,212.6318511
20.61322,2414,212.1923475
20.61322,2409,211.7528438
20.61322,2404,211.3133402
20.61322,2398,210.7859359
20.61322,2393,210.3464323
20.39517,2387,209.8190279
20.39517,2393,210.3464323
20.61167,2397,210.6980352
20.39517,2403,211.2254395
20.39517,2408,211.6649431
20.39517,2412,212.016546
20.39517,2417,212.4560496
20.19604,2427,213.3350569
20.19604,2432,213.7745605
20.19604,2437,214.2140641
20.19604,2442,214.6535677
20.19604,2447,215.0930714
20.19604,2452,215.532575
20.19604,2457,215.9720786
20.41043,2462,216.4115822
20.19604,2467,216.8510858
20.19604,2472,217.2905895
20.19604,2477,217.7300931
20.19604,2482,218.1695967
20.19604,2487,218.6091003
20.19604,2492,219.0486039
20.41043,2497,219.4881075
20.19604,2503,220.0155119
20.19604,2507,220.3671148
20.41043,2512,220.8066184
20.19604,2516,221.1582213
20.19604,2522,221.6856256
20.19604,2526,222.0372285
20.19604,2532,222.5646329
20.41043,2537,223.0041365
20.41043,2542,223.4436401
20.19604,2547,223.8831437
20.19604,2553,224.4105481
20.19604,2557,224.762151
20.19604,2562,225.2016546
20.19604,2567,225.6411582
19.80133,2572,226.0806618
20.19604,2577,226.5201655
20.19604,2582,226.9596691
19.80133,2588,227.4870734
19.80133,2592,227.8386763
20.00326,2597,228.2781799
20.19604,2602,228.7176836
20.19604,2607,229.1571872
19.80133,2612,229.5966908
19.80133,2617,230.0361944
20.19604,2622,230.475698
20.19604,2627,230.9152017
20.00326,2632,231.3547053
20.00326,2637,231.7942089
19.80133,2642,232.2337125
20.19604,2647,232.6732161
19.80133,2652,233.1127198
19.80133,2657,233.5522234
19.80133,2662,233.991727
19.80133,2667,234.4312306
19.80133,2672,234.8707342
19.80133,2677,235.3102378
19.41973,2682,235.7497415
19.80133,2687,236.1892451
19.80133,2692,236.6287487
19.80133,2696,236.9803516
19.80133,2702,237.5077559
19.80133,2707,237.9472596
19.80133,2712,238.3867632
19.41973,2718,238.9141675
19.41973,2722,239.2657704
19.80133,2727,239.705274
19.41973,2732,240.1447777
19.41973,2737,240.5842813
19.80133,2742,241.0237849
19.80133,2747,241.4632885
19.80133,2752,241.9027921
19.41973,2757,242.3422958
19.41973,2762,242.7817994
19.80133,2767,243.221303
19.80133,2772,243.6608066
19.41973,2777,244.1003102
19.41973,2782,244.5398139
19.41973,2787,244.9793175
19.80133,2792,245.4188211
19.41973,2797,245.8583247
19.80133,2802,246.2978283
19.80133,2807,246.737332
19.41973,2812,247.1768356
19.80133,2816,247.5284385
19.41973,2822,248.0558428
19.41973,2827,248.4953464
19.41973,2832,248.9348501
19.41973,2837,249.3743537
19.41973,2842,249.8138573
19.41973,2847,250.2533609
19.41973,2855,250.9565667
19.80133,2859,251.3081696
19.80133,2862,251.5718718
19.41973,2867,252.0113754
19.80133,2872,252.450879
20.00326,2876,252.8024819
19.80133,2882,253.3298862
19.80133,2887,253.7693899
19.41973,2892,254.2088935
19.41973,2897,254.6483971
19.80133,2902,255.0879007
19.41973,2907,255.5274043
19.41973,2912,255.966908
19.22591,2917,256.4064116
19.80133,2922,256.8459152
19.80133,2927,257.2854188
19.80133,2932,257.7249224
19.80133,2937,258.1644261
19.80133,2942,258.6039297
19.41973,2947,259.0434333
19.41973,2952,259.4829369
19.41973,2957,259.9224405
19.80133,2962,260.3619442
19.80133,2967,260.8014478
19.41973,2973,261.3288521
19.41973,2977,261.680455
19.80133,2982,262.1199586
19.41973,2987,262.5594623
19.41973,2992,262.9989659
19.41973,2997,263.4384695
19.41973,3002,263.8779731
19.41973,3007,264.3174767
19.41973,3012,264.7569804
19.41973,3017,265.196484
19.80133,3022,265.6359876
19.80133,3027,266.0754912
19.80133,3032,266.5149948
19.80133,3037,266.9544984
19.80133,3042,267.3940021
19.41973,3047,267.8335057
19.41973,3052,268.2730093
19.80133,3056,268.6246122
19.41973,3064,269.327818
19.41973,3068,269.6794209
19.41973,3072,270.0310238
19.41973,3077,270.4705274
19.41973,3082,270.910031
19.80133,3087,271.3495346
19.80133,3092,271.7890383
19.41973,3097,272.2285419
19.41973,3102,272.6680455
19.80133,3107,273.1075491
19.80133,3112,273.5470527
19.41973,3117,273.9865564
19.41973,3122,274.42606
19.80133,3127,274.8655636
19.80133,3132,275.3050672
19.80133,3137,275.7445708
19.80133,3142,276.1840745
19.41973,3147,276.6235781
19.80133,3152,277.0630817
19.41973,3157,277.5025853
19.41973,3162,277.9420889
19.80133,3167,278.3815926
19.80133,3172,278.8210962
19.41973,3177,279.2605998
19.41973,3182,279.7001034
19.41973,3187,280.139607
19.80133,3192,280.5791107
19.80133,3197,281.0186143
19.41973,3202,281.4581179
19.41973,3207,281.8976215
19.80133,3212,282.3371251
19.80133,3217,282.7766287
19.80133,3222,283.2161324
19.41973,3227,283.655636
19.80133,3232,284.0951396
19.41973,3236,284.4467425
19.80133,3242,284.9741468
19.80133,3247,285.4136505
19.41973,3252,285.8531541
19.41973,3257,286.2926577
19.80133,3262,286.7321613
19.80133,3267,287.1716649
19.80133,3274,287.78697
19.41973,3278,288.1385729
19.41973,3283,288.5780765
19.41973,3287,288.9296794
19.41973,3291,289.2812823
19.80133,3297,289.8086867
19.41973,3302,290.2481903
19.41973,3307,290.6876939
19.80133,3312,291.1271975
19.22591,3317,291.5667011
19.41973,3322,292.0062048
19.41973,3327,292.4457084
19.80133,3332,292.885212
19.80133,3337,293.3247156
19.41973,3342,293.7642192
19.41973,3347,294.2037229
19.41973,3352,294.6432265
19.80133,3357,295.0827301
19.80133,3362,295.5222337
19.80133,3367,295.9617373
19.41973,3372,296.401241
19.59598,3377,296.8407446
19.41973,3382,297.2802482
19.80133,3387,297.7197518
19.80133,3392,298.1592554
19.80133,3397,298.598759
19.22591,3402,299.0382627
19.41973,3407,299.4777663
19.41973,3412,299.9172699
19.41973,3417,300.3567735
19.80133,3421,300.7083764
19.80133,3427,301.2357808
19.80133,3432,301.6752844
19.41973,3437,302.114788
19.80133,3442,302.5542916
19.80133,3447,302.9937952
19.41973,3452,303.4332989
19.80133,3457,303.8728025
19.41973,3462,304.3123061
19.41973,3467,304.7518097
19.41973,3471,305.1034126
19.80133,3476,305.5429162
19.80133,3483,306.1582213
19.80133,3487,306.5098242
19.80133,3492,306.9493278
19.80133,3497,307.3888314
19.80133,3502,307.8283351
19.80133,3506,308.179938
19.41973,3512,308.7073423
19.80133,3517,309.1468459
19.80133,3522,309.5863495
19.41973,3526,309.9379524
19.80133,3532,310.4653568
19.80133,3536,310.8169597
19.41973,3541,311.2564633
19.80133,3547,311.7838676
19.80133,3552,312.2233713
19.80133,3557,312.6628749
19.80133,3562,313.1023785
19.80133,3567,313.5418821
19.80133,3572,313.9813857
19.80133,3577,314.4208893
19.41973,3582,314.860393
19.41973,3586,315.2119959
19.41973,3592,315.7394002
19.80133,3597,316.1789038
19.80133,3602,316.6184074
19.80133,3607,317.0579111
19.80133,3612,317.4974147
19.80133,3617,317.9369183
19.41973,3622,318.3764219
19.41973,3627,318.8159255
19.80133,3632,319.2554292
19.41973,3637,319.6949328
19.80133,3642,320.1344364
19.80133,3647,320.57394
19.80133,3652,321.0134436
19.41973,3657,321.4529473
19.80133,3662,321.8924509
19.41973,3667,322.3319545
19.80133,3672,322.7714581
19.41973,3677,323.2109617
19.80133,3682,323.6504654
19.80133,3687,324.089969
19.41973,3692,324.5294726
19.41973,3697,324.9689762
19.80133,3702,325.4084798
19.80133,3707,325.8479835
19.41973,3711,326.1995863
19.80133,3717,326.7269907
19.41973,3721,327.0785936
19.80133,3721,327.0785936
19.41973,3720,326.9906929
19.41973,3717,326.7269907
19.41973,3713,326.3753878
19.80133,3708,325.9358842
19.80133,3704,325.5842813
19.80133,3699,325.1447777
19.80133,3694,324.705274
19.80133,3689,324.2657704
19.80133,3684,323.8262668
19.41973,3679,323.3867632
19.80133,3674,322.9472596
19.41973,3668,322.4198552
19.80133,3664,322.0682523
19.80133,3659,321.6287487
19.41973,3654,321.1892451
19.80133,3648,320.6618407
19.80133,3643,320.2223371
19.80133,3639,319.8707342
19.41973,3634,319.4312306
19.80133,3629,318.991727
19.41973,3624,318.5522234
19.41973,3619,318.1127198
19.41973,3614,317.6732161
19.41973,3609,317.2337125
19.41973,3603,316.7063082
19.41973,3598,316.2668046
19.80133,3594,315.9152017
19.80133,3589,315.475698
19.41973,3583,314.9482937
19.22591,3578,314.5087901
19.80133,3574,314.1571872
19.41973,3569,313.7176836
19.80133,3564,313.2781799
19.80133,3559,312.8386763
19.80133,3554,312.3991727
19.80133,3547,311.7838676
19.41973,3543,311.4322647
19.41973,3538,310.9927611
19.41973,3533,310.5532575
19.41973,3528,310.1137539
19.41973,3523,309.6742503
19.41973,3519,309.3226474
19.41973,3513,308.795243
19.59598,3509,308.4436401
19.41973,3504,308.0041365
19.80133,3499,307.5646329
19.41973,3494,307.1251293
19.80133,3488,306.5977249
19.80133,3484,306.246122
19.80133,3478,305.7187177
19.80133,3474,305.3671148
19.41973,3469,304.9276112
19.80133,3463,304.4002068
19.80133,3458,303.9607032
19.80133,3453,303.5211996
19.41973,3449,303.1695967
19.41973,3444,302.7300931
19.80133,3439,302.2905895
19.80133,3434,301.8510858
19.80133,3428,301.3236815
19.80133,3423,300.8841779
19.41973,3419,300.532575
19.80133,3414,300.0930714
19.80133,3409,299.6535677
19.80133,3404,299.2140641
19.80133,3399,298.7745605
19.80133,3393,298.2471562
19.80133,3389,297.8955533
19.80133,3384,297.4560496
19.80133,3379,297.016546
19.80133,3374,296.5770424
19.80133,3368,296.0496381
19.80133,3363,295.6101344
19.80133,3359,295.2585315
19.80133,3354,294.8190279
19.59598,3348,294.2916236
19.80133,3343,293.85212
19.80133,3337,293.3247156
19.80133,3333,292.9731127
19.80133,3329,292.6215098
19.80133,3324,292.1820062
19.80133,3319,291.7425026
19.80133,3314,291.302999
19.80133,3309,290.8634953
19.80133,3304,290.4239917
19.41973,3300,290.0723888
19.59598,3293,289.4570838
19.22591,3289,289.1054809
19.80133,3284,288.6659772
19.80133,3279,288.2264736
19.80133,3273,287.6990693
19.80133,3269,287.3474664
19.80133,3263,286.820062
19.59598,3259,286.4684592
19.80133,3254,286.0289555
19.80133,3250,285.6773526
19.80133,3244,285.1499483
19.80133,3238,284.622544
19.80133,3233,284.1830403
19.80133,3229,283.8314374
19.80133,3224,283.3919338
19.80133,3218,282.8645295
19.80133,3214,282.5129266
19.80133,3209,282.073423
19.80133,3204,281.6339193
19.80133,3199,281.1944157
19.80133,3194,280.7549121
19.80133,3188,280.2275078
20.00326,3183,279.7880041
19.41973,3179,279.4364012
19.80133,3174,278.9968976
19.80133,3169,278.557394
19.80133,3164,278.1178904
19.80133,3158,277.590486
19.80133,3153,277.1509824
19.80133,3149,276.7993795
19.80133,3144,276.3598759
19.80133,3139,275.9203723
19.80133,3134,275.4808687
19.80133,3129,275.041365
19.80133,3124,274.6018614
19.80133,3118,274.0744571
19.80133,3113,273.6349535
19.80133,3108,273.1954498
19.59598,3104,272.8438469
19.80133,3098,272.3164426
19.80133,3093,271.876939
19.80133,3088,271.4374354
19.80133,3084,271.0858325
19.80133,3079,270.6463289
19.80133,3074,270.2068252
19.80133,3068,269.6794209
19.80133,3064,269.327818
19.80133,3059,268.8883144
19.80133,3054,268.4488108
19.80133,3048,267.9214064
19.80133,3044,267.5698035
19.80133,3038,267.0423992
19.80133,3033,266.6028956
19.80133,3028,266.1633919
19.80133,3023,265.7238883
19.80133,3019,265.3722854
19.80133,3014,264.9327818
19.80133,3009,264.4932782
19.80133,3003,263.9658738
19.80133,2999,263.6142709
19.80133,2994,263.1747673
19.80133,2988,262.647363
19.59598,2983,262.2078594
19.80133,2978,261.7683557
19.80133,2973,261.3288521
19.80133,2969,260.9772492
19.80133,2963,260.4498449
19.80133,2959,260.098242
19.80133,2954,259.6587384
19.80133,2949,259.2192347
19.80133,2944,258.7797311
19.80133,2939,258.3402275
19.80133,2933,257.8128232
19.80133,2929,257.4612203
19.80133,2924,257.0217166
19.80133,2919,256.582213
19.80133,2913,256.0548087
19.80133,2908,255.6153051
19.80133,2904,255.2637022
19.80133,2899,254.8241986
19.80133,2894,254.3846949
19.59598,2889,253.9451913
19.80133,2884,253.5056877
19.80133,2878,252.9782834
19.80133,2874,252.6266805
19.80133,2869,252.1871768
19.80133,2863,251.6597725
19.80133,2858,251.2202689
19.80133,2854,250.868666
19.80133,2848,250.3412616
20.19604,2844,249.9896587
20.00326,2839,249.5501551
19.80133,2834,249.1106515
19.80133,2829,248.6711479
20.19604,2824,248.2316443
19.80133,2819,247.7921406
19.80133,2814,247.352637
19.80133,2808,246.8252327
19.59598,2804,246.4736298
20.19604,2799,246.0341262
19.80133,2794,245.5946225
20.19604,2789,245.1551189
19.80133,2784,244.7156153
19.80133,2778,244.188211
20.19604,2774,243.8366081
19.80133,2770,243.4850052
20.19604,2764,242.9576008
20.19604,2758,242.4301965
20.19604,2754,242.0785936
19.59598,2749,241.63909
20.19604,2744,241.1995863
19.80133,2739,240.7600827
20.19604,2733,240.2326784
20.19604,2728,239.7931748
19.80133,2723,239.3536711
20.00326,2719,239.0020683
20.19604,2714,238.5625646
20.19604,2709,238.123061
20.19604,2704,237.6835574
19.80133,2699,237.2440538
20.19604,2693,236.7166494
20.19604,2689,236.3650465
20.19604,2684,235.9255429
20.19604,2679,235.4860393
20.19604,2674,235.0465357
20.19604,2668,234.5191313
20.19604,2664,234.1675284
20.19604,2659,233.7280248
20.19604,2653,233.2006205
20.19604,2649,232.8490176
20.19604,2643,232.3216132
19.80133,2638,231.8821096
19.80133,2634,231.5305067
19.80133,2629,231.0910031
20.19604,2623,230.5635988
20.19604,2618,230.1240951
20.19604,2614,229.7724922
20.19604,2608,229.2450879
20.19604,2604,228.893485
20.19604,2599,228.4539814
20.19604,2594,228.0144778
20.19604,2589,227.5749741
20.19604,2584,227.1354705
20.19604,2578,226.6080662
20.19604,2574,226.2564633
20.19604,2568,225.7290589
20.19604,2563,225.2895553
20.19604,2559,224.9379524
20.19604,2554,224.4984488
20.19604,2549,224.0589452
20.19604,2543,223.5315408
20.19604,2539,223.179938
20.19604,2534,222.7404343
20.19604,2529,222.3009307
20.19604,2524,221.8614271
20.19604,2519,221.4219235
20.19604,2514,220.9824199
20.19604,2509,220.5429162
20.19604,2504,220.1034126
20.19604,2498,219.5760083
20.19604,2494,219.2244054
20.19604,2489,218.7849018
20.19604,2484,218.3453981
20.19604,2479,217.9058945
20.19604,2474,217.4663909
20.19604,2469,217.0268873
20.19604,2464,216.5873837
20.19604,2459,216.14788
20.19604,2454,215.7083764
20.19604,2449,215.2688728
20.19604,2444,214.8293692
20.19604,2439,214.3898656
20.19604,2433,213.8624612
20.19604,2429,213.5108583
20.19604,2423,212.983454
20.19604,2418,212.5439504
20.19604,2414,212.1923475
20.19604,2409,211.7528438
20.19604,2404,211.3133402
20.19604,2399,210.8738366
20.19604,2393,210.3464323
19.80577,2386,209.7311272
20.187,2389,209.9948294
19.80577,2393,210.3464323
20.187,2397,210.6980352
20.187,2403,211.2254395
20.187,2413,212.1044467
19.80577,2417,212.4560496
20.187,2422,212.8955533
19.80577,2427,213.3350569
20.187,2431,213.6866598
20.187,2437,214.2140641
20.47287,2442,214.6535677
20.09645,2447,215.0930714
19.9054,2452,215.532575
20.27098,2457,215.9720786
20.27098,2462,216.4115822
20.27098,2467,216.8510858
19.9054,2472,217.2905895
19.9054,2477,217.7300931
20.47287,2483,218.2574974
19.9054,2487,218.6091003
20.27098,2492,219.0486039
20.47287,2497,219.4881075
20.47287,2502,219.9276112
20.27098,2507,220.3671148
20.27098,2512,220.8066184
20.47287,2517,221.246122
19.9054,2522,221.6856256
20.27098,2527,222.1251293
19.9054,2532,222.5646329
20.27098,2537,223.0041365
20.27098,2542,223.4436401
20.27098,2547,223.8831437
19.9054,2552,224.3226474
20.27098,2557,224.762151
20.09645,2562,225.2016546
19.9054,2568,225.7290589
20.27098,2573,226.1685626
20.27098,2577,226.5201655
20.47287,2583,227.0475698
20.27098,2588,227.4870734
19.9054,2592,227.8386763
19.9054,2597,228.2781799
20.47287,2602,228.7176836
20.27098,2607,229.1571872
19.9054,2612,229.5966908
20.27098,2617,230.0361944
19.9054,2622,230.475698
20.47287,2627,230.9152017
20.27098,2632,231.3547053
19.9054,2637,231.7942089
20.47287,2643,232.3216132
20.27098,2647,232.6732161
20.27098,2652,233.1127198
20.27098,2658,233.6401241
20.47287,2662,233.991727
19.9054,2667,234.4312306
20.27098,2672,234.8707342
20.27098,2677,235.3102378
20.27098,2682,235.7497415
20.47287,2687,236.1892451
20.27098,2692,236.6287487
20.27098,2697,237.0682523
20.27098,2702,237.5077559
20.27098,2707,237.9472596
20.27098,2712,238.3867632
20.47287,2718,238.9141675
20.47287,2722,239.2657704
20.09645,2726,239.6173733
20.47287,2732,240.1447777
20.27098,2737,240.5842813
20.27098,2742,241.0237849
20.27098,2748,241.5511892
20.27098,2752,241.9027921
20.27098,2757,242.3422958
20.47287,2762,242.7817994
20.27098,2767,243.221303
20.27098,2772,243.6608066
20.27098,2777,244.1003102
20.27098,2782,244.5398139
20.27098,2787,244.9793175
20.27098,2792,245.4188211
20.27098,2796,245.770424
20.27098,2801,246.2099276
20.27098,2806,246.6494312
19.9054,2812,247.1768356
20.27098,2817,247.6163392
20.27098,2822,248.0558428
20.27098,2827,248.4953464
20.27098,2832,248.9348501
20.27098,2837,249.3743537
20.27098,2842,249.8138573
20.27098,2847,250.2533609
20.27098,2852,250.6928645
20.27098,2857,251.1323681
20.27098,2862,251.5718718
20.47287,2867,252.0113754
20.27098,2872,252.450879
20.47287,2877,252.8903826
20.27098,2882,253.3298862
20.27098,2887,253.7693899
20.27098,2892,254.2088935
20.27098,2897,254.6483971
20.27098,2902,255.0879007
20.27098,2907,255.5274043
20.27098,2912,255.966908
20.27098,2917,256.4064116
20.27098,2921,256.7580145
20.27098,2927,257.2854188
20.27098,2932,257.7249224
20.27098,2937,258.1644261
20.27098,2942,258.6039297
20.27098,2947,259.0434333
20.47287,2952,259.4829369
20.27098,2957,259.9224405
20.27098,2962,260.3619442
20.47287,2967,260.8014478
19.9054,2972,261.2409514
20.47287,2977,261.680455
20.27098,2981,262.0320579
20.27098,2987,262.5594623
20.27098,2992,262.9989659
20.27098,2997,263.4384695
20.27098,3003,263.9658738
20.27098,3007,264.3174767
20.47287,3012,264.7569804
20.27098,3017,265.196484
20.47287,3022,265.6359876
19.9054,3027,266.0754912
20.27098,3032,266.5149948
20.27098,3036,266.8665977
20.27098,3042,267.3940021
20.27098,3047,267.8335057
20.47287,3052,268.2730093
20.47287,3057,268.7125129
20.27098,3062,269.1520165
20.47287,3067,269.5915202
20.27098,3072,270.0310238
20.27098,3077,270.4705274
19.9054,3082,270.910031
20.27098,3087,271.3495346
20.27098,3092,271.7890383
20.47287,3097,272.2285419
20.27098,3102,272.6680455
20.47287,3107,273.1075491
20.27098,3112,273.5470527
20.47287,3117,273.9865564
20.27098,3122,274.42606
20.27098,3127,274.8655636
20.27098,3132,275.3050672
20.27098,3137,275.7445708
20.27098,3143,276.2719752
19.9054,3147,276.6235781
19.9054,3151,276.975181
20.27098,3157,277.5025853
20.27098,3161,277.8541882
20.27098,3166,278.2936918
20.27098,3172,278.8210962
20.27098,3177,279.2605998
20.27098,3182,279.7001034
20.27098,3187,280.139607
20.27098,3192,280.5791107
20.27098,3197,281.0186143
20.27098,3202,281.4581179
20.27098,3207,281.8976215
19.9054,3212,282.3371251
20.47287,3216,282.688728
20.47287,3222,283.2161324
19.9054,3227,283.655636
20.27098,3232,284.0951396
20.27098,3236,284.4467425
20.27098,3242,284.9741468
20.27098,3247,285.4136505
20.27098,3253,285.9410548
20.27098,3257,286.2926577
20.27098,3262,286.7321613
20.27098,3267,287.1716649
20.27098,3272,287.6111686
20.27098,3277,288.0506722
20.27098,3282,288.4901758
20.27098,3286,288.8417787
20.27098,3292,289.369183
20.27098,3297,289.8086867
20.27098,3302,290.2481903
20.27098,3307,290.6876939
20.27098,3312,291.1271975
20.09645,3317,291.5667011
20.27098,3322,292.0062048
20.27098,3327,292.4457084
20.27098,3332,292.885212
20.27098,3337,293.3247156
20.27098,3342,293.7642192
19.9054,3347,294.2037229
20.27098,3352,294.6432265
20.27098,3357,295.0827301
20.27098,3362,295.5222337
20.47287,3367,295.9617373
19.9054,3372,296.401241
20.27098,3377,296.8407446
20.27098,3382,297.2802482
20.47287,3387,297.7197518
20.27098,3392,298.1592554
20.27098,3397,298.598759
20.27098,3402,299.0382627
19.9054,3406,299.3898656
20.27098,3412,299.9172699
20.27098,3417,300.3567735
20.27098,3422,300.7962771
20.27098,3427,301.2357808
20.27098,3432,301.6752844
20.47287,3437,302.114788
20.47287,3442,302.5542916
20.27098,3447,302.9937952
19.9054,3452,303.4332989
20.47287,3457,303.8728025
19.9054,3462,304.3123061
20.27098,3467,304.7518097
20.27098,3472,305.1913133
20.27098,3477,305.630817
20.27098,3482,306.0703206
20.27098,3487,306.5098242
20.27098,3492,306.9493278
20.27098,3497,307.3888314
20.27098,3502,307.8283351
20.27098,3507,308.2678387
20.27098,3512,308.7073423
20.27098,3516,309.0589452
20.27098,3521,309.4984488
20.27098,3526,309.9379524
20.27098,3532,310.4653568
20.27098,3537,310.9048604
20.27098,3542,311.344364
20.27098,3547,311.7838676
20.27098,3552,312.2233713
20.27098,3557,312.6628749
20.27098,3562,313.1023785
20.27098,3567,313.5418821
20.27098,3572,313.9813857
20.27098,3577,314.4208893
20.27098,3582,314.860393
20.27098,3586,315.2119959
20.27098,3592,315.7394002
20.27098,3597,316.1789038
20.27098,3602,316.6184074
20.27098,3607,317.0579111
20.27098,3612,317.4974147
20.27098,3617,317.9369183
20.27098,3622,318.3764219
20.27098,3627,318.8159255
20.47287,3632,319.2554292
20.27098,3637,319.6949328
20.27098,3642,320.1344364
20.27098,3647,320.57394
20.47287,3652,321.0134436
20.47287,3657,321.4529473
20.27098,3662,321.8924509
20.27098,3667,322.3319545
20.27098,3672,322.7714581
20.27098,3676,323.123061
20.27098,3682,323.6504654
19.9054,3687,324.089969
20.27098,3692,324.5294726
20.27098,3697,324.9689762
20.27098,3704,325.5842813
19.9054,3711,326.1995863
20.27098,3714,326.4632885
20.27098,3718,326.8148914
20.27098,3722,327.1664943
20.27098,3722,327.1664943
19.9054,3720,326.9906929
20.27098,3718,326.8148914
20.27098,3713,326.3753878
19.9054,3708,325.9358842
20.27098,3704,325.5842813
20.27098,3699,325.1447777
20.27098,3694,324.705274
20.27098,3689,324.2657704
20.27098,3684,323.8262668
20.47287,3679,323.3867632
20.27098,3674,322.9472596
20.27098,3669,322.5077559
20.27098,3663,321.9803516
20.27098,3659,321.6287487
20.27098,3654,321.1892451
20.27098,3648,320.6618407
20.27098,3643,320.2223371
20.27098,3639,319.8707342
20.27098,3634,319.4312306
20.27098,3629,318.991727
20.27098,3624,318.5522234
20.27098,3618,318.024819
20.27098,3612,317.4974147
20.47287,3608,317.1458118
20.27098,3604,316.7942089
20.27098,3598,316.2668046
20.27098,3593,315.8273009
20.27098,3588,315.3877973
20.27098,3584,315.0361944
20.27098,3579,314.5966908
20.27098,3574,314.1571872
20.27098,3569,313.7176836
20.27098,3564,313.2781799
20.27098,3559,312.8386763
20.27098,3554,312.3991727
20.27098,3549,311.9596691
20.47287,3544,311.5201655
20.27098,3539,311.0806618
20.27098,3534,310.6411582
20.27098,3528,310.1137539
20.64813,3524,309.762151
20.27098,3519,309.3226474
20.27098,3514,308.8831437
20.27098,3509,308.4436401
20.27098,3504,308.0041365
20.27098,3499,307.5646329
20.27098,3493,307.0372285
20.64813,3489,306.6856256
20.27098,3484,306.246122
20.47287,3479,305.8066184
20.27098,3474,305.3671148
20.27098,3469,304.9276112
20.27098,3464,304.4881075
20.64813,3459,304.0486039
20.27098,3454,303.6091003
20.27098,3449,303.1695967
20.27098,3444,302.7300931
20.27098,3439,302.2905895
20.27098,3434,301.8510858
20.27098,3429,301.4115822
20.27098,3423,300.8841779
20.27098,3419,300.532575
20.86161,3414,300.0930714
20.27098,3408,299.565667
20.27098,3404,299.2140641
20.27098,3399,298.7745605
20.27098,3394,298.3350569
20.27098,3389,297.8955533
20.47287,3384,297.4560496
20.27098,3379,297.016546
20.64813,3374,296.5770424
20.27098,3369,296.1375388
20.27098,3363,295.6101344
20.47287,3359,295.2585315
20.47287,3354,294.8190279
20.27098,3349,294.3795243
20.47287,3344,293.9400207
20.27098,3338,293.4126163
20.47287,3334,293.0610134
20.27098,3329,292.6215098
20.27098,3324,292.1820062
20.64813,3319,291.7425026
20.64813,3314,291.302999
20.27098,3308,290.7755946
20.27098,3304,290.4239917
20.27098,3299,289.9844881
20.27098,3293,289.4570838
20.27098,3289,289.1054809
20.27098,3284,288.6659772
20.27098,3279,288.2264736
20.27098,3273,287.6990693
20.47287,3269,287.3474664
20.27098,3263,286.820062
20.27098,3258,286.3805584
20.64813,3253,285.9410548
20.64813,3249,285.5894519
20.47287,3243,285.0620476
20.64813,3239,284.7104447
20.64813,3233,284.1830403
20.27098,3228,283.7435367
20.47287,3224,283.3919338
20.47287,3219,282.9524302
20.27098,3214,282.5129266
20.86161,3209,282.073423
20.47287,3204,281.6339193
20.64813,3199,281.1944157
20.64813,3194,280.7549121
20.64813,3186,280.0517063
20.27098,3182,279.7001034
20.27098,3178,279.3485005
20.27098,3173,278.9089969
20.27098,3169,278.557394
20.47287,3163,278.0299897
20.27098,3159,277.6783868
20.27098,3154,277.2388831
20.27098,3149,276.7993795
20.27098,3143,276.2719752
20.47287,3139,275.9203723
20.27098,3133,275.3929679
20.27098,3129,275.041365
20.27098,3123,274.5139607
20.64813,3118,274.0744571
20.27098,3113,273.6349535
20.27098,3108,273.1954498
20.27098,3103,272.7559462
20.27098,3099,272.4043433
20.27098,3094,271.9648397
20.47287,3089,271.5253361
20.27098,3083,270.9979317
20.27098,3079,270.6463289
20.47287,3073,270.1189245
20.27098,3069,269.7673216
20.27098,3063,269.2399173
20.64813,3058,268.8004137
20.64813,3054,268.4488108
20.27098,3048,267.9214064
20.64813,3044,267.5698035
20.27098,3038,267.0423992
20.27098,3033,266.6028956
20.27098,3029,266.2512927
20.27098,3024,265.811789
20.64813,3018,265.2843847
20.27098,3013,264.8448811
20.47287,3008,264.4053775
20.27098,3003,263.9658738
20.27098,2999,263.6142709
20.27098,2994,263.1747673
20.27098,2988,262.647363
20.27098,2983,262.2078594
20.27098,2978,261.7683557
20.64813,2974,261.4167528
20.64813,2969,260.9772492
20.27098,2964,260.5377456
20.27098,2959,260.098242
20.64813,2954,259.6587384
20.27098,2948,259.131334
20.64813,2943,258.6918304
20.27098,2938,258.2523268
20.64813,2933,257.8128232
20.27098,2929,257.4612203
20.27098,2924,257.0217166
20.27098,2919,256.582213
20.27098,2914,256.1427094
20.27098,2909,255.7032058
20.27098,2904,255.2637022
20.47287,2899,254.8241986
20.27098,2894,254.3846949
20.27098,2888,253.8572906
20.64813,2884,253.5056877
20.47287,2879,253.0661841
20.27098,2874,252.6266805
20.47287,2869,252.1871768
20.27098,2864,251.7476732
20.27098,2859,251.3081696
20.27098,2854,250.868666
20.27098,2849,250.4291624
20.64813,2844,249.9896587
20.27098,2839,249.5501551
20.27098,2834,249.1106515
20.27098,2829,248.6711479
20.27098,2824,248.2316443
20.27098,2818,247.7042399
20.27098,2813,247.2647363
20.27098,2809,246.9131334
20.27098,2804,246.4736298
20.27098,2799,246.0341262
20.27098,2794,245.5946225
20.27098,2789,245.1551189
20.27098,2784,244.7156153
20.27098,2778,244.188211
20.27098,2774,243.8366081
20.27098,2769,243.3971044
20.27098,2763,242.8697001
20.27098,2758,242.4301965
20.64813,2754,242.0785936
20.27098,2749,241.63909
20.27098,2743,241.1116856
20.27098,2739,240.7600827
20.27098,2734,240.3205791
20.47287,2729,239.8810755
20.27098,2724,239.4415719
20.47287,2719,239.0020683
20.27098,2714,238.5625646
20.27098,2709,238.123061
20.27098,2704,237.6835574
20.27098,2699,237.2440538
20.86161,2693,236.7166494
20.27098,2688,236.2771458
20.47287,2683,235.8376422
20.27098,2679,235.4860393
20.27098,2674,235.0465357
20.27098,2669,234.6070321
20.47287,2664,234.1675284
20.64813,2659,233.7280248
20.27098,2654,233.2885212
20.27098,2649,232.8490176
20.27098,2643,232.3216132
20.27098,2638,231.8821096
20.47287,2633,231.442606
20.27098,2628,231.0031024
20.27098,2623,230.5635988
20.47287,2619,230.2119959
20.27098,2614,229.7724922
20.27098,2609,229.3329886
20.27098,2604,228.893485
20.27098,2598,228.3660807
20.27098,2593,227.926577
20.27098,2589,227.5749741
20.27098,2583,227.0475698
20.27098,2579,226.6959669
20.27098,2574,226.2564633
20.27098,2569,225.8169597
20.27098,2564,225.377456
20.27098,2559,224.9379524
20.27098,2553,224.4105481
20.27098,2549,224.0589452
20.27098,2544,223.6194416
20.27098,2539,223.179938
20.27098,2534,222.7404343
20.27098,2529,222.3009307
20.27098,2524,221.8614271
20.27098,2519,221.4219235
20.27098,2514,220.9824199
20.27098,2509,220.5429162
20.27098,2503,220.0155119
20.27098,2498,219.5760083
20.27098,2494,219.2244054
20.27098,2489,218.7849018
20.27098,2484,218.3453981
20.27098,2479,217.9058945
20.27098,2474,217.4663909
20.27098,2469,217.0268873
20.27098,2463,216.4994829
20.27098,2459,216.14788
20.27098,2453,215.6204757
20.27098,2448,215.1809721
20.27098,2444,214.8293692
19.9054,2439,214.3898656
20.27098,2433,213.8624612
20.27098,2429,213.5108583
20.27098,2424,213.0713547
20.27098,2419,212.6318511
20.27098,2414,212.1923475
20.27098,2409,211.7528438
20.27098,2404,211.3133402
20.27098,2398,210.7859359
20.27098,2394,210.434333
20.11045,2386,209.7311272
20.32317,2389,209.9948294
20.32317,2393,210.3464323
20.32317,2396,210.6101344
20.32317,2402,211.1375388
20.32317,2406,211.4891417
20.5333,2411,211.9286453
20.32317,2417,212.4560496
20.32317,2422,212.8955533
20.32317,2426,213.2471562
20.32317,2431,213.6866598
20.32317,2437,214.2140641
20.32317,2442,214.6535677
20.32317,2447,215.0930714
20.32317,2452,215.532575
20.5333,2457,215.9720786
20.32317,2462,216.4115822
20.32317,2467,216.8510858
20.32317,2473,217.3784902
20.32317,2477,217.7300931
20.32317,2482,218.1695967
20.32317,2487,218.6091003
20.32317,2492,219.0486039
19.95197,2497,219.4881075
20.32317,2502,219.9276112
19.95197,2507,220.3671148
20.32317,2512,220.8066184
20.32317,2517,221.246122
20.32317,2522,221.6856256
20.32317,2527,222.1251293
20.32317,2532,222.5646329
20.32317,2537,223.0041365
20.32317,2542,223.4436401
20.32317,2547,223.8831437
20.32317,2552,224.3226474
20.32317,2557,224.762151
20.32317,2562,225.2016546
20.32317,2567,225.6411582
20.32317,2573,226.1685626
20.32317,2577,226.5201655
20.32317,2582,226.9596691
20.32317,2588,227.4870734
20.32317,2592,227.8386763
20.32317,2597,228.2781799
20.32317,2601,228.6297828
20.32317,2607,229.1571872
20.32317,2612,229.5966908
20.32317,2617,230.0361944
20.32317,2622,230.475698
20.32317,2628,231.0031024
20.32317,2632,231.3547053
20.32317,2637,231.7942089
20.32317,2643,232.3216132
20.32317,2647,232.6732161
20.32317,2653,233.2006205
20.32317,2657,233.5522234
20.32317,2662,233.991727
20.32317,2667,234.4312306
20.32317,2672,234.8707342
20.32317,2677,235.3102378
20.32317,2682,235.7497415
20.32317,2687,236.1892451
20.32317,2692,236.6287487
20.32317,2697,237.0682523
20.32317,2702,237.5077559
20.32317,2707,237.9472596
20.32317,2712,238.3867632
20.32317,2717,238.8262668
20.32317,2721,239.1778697
20.32317,2726,239.6173733
19.95197,2732,240.1447777
20.32317,2737,240.5842813
20.32317,2742,241.0237849
20.32317,2747,241.4632885
20.32317,2752,241.9027921
20.32317,2757,242.3422958
20.32317,2762,242.7817994
20.32317,2767,243.221303
20.32317,2772,243.6608066
20.32317,2777,244.1003102
20.32317,2782,244.5398139
20.32317,2787,244.9793175
20.32317,2791,245.3309204
20.32317,2797,245.8583247
20.32317,2802,246.2978283
20.32317,2807,246.737332
20.32317,2812,247.1768356
20.32317,2817,247.6163392
20.32317,2822,248.0558428
20.32317,2827,248.4953464
20.32317,2833,249.0227508
20.32317,2837,249.3743537
20.32317,2842,249.8138573
20.32317,2847,250.2533609
20.32317,2851,250.6049638
20.32317,2857,251.1323681
20.32317,2862,251.5718718
20.32317,2867,252.0113754
20.32317,2872,252.450879
20.32317,2877,252.8903826
20.32317,2882,253.3298862
20.32317,2887,253.7693899
20.32317,2892,254.2088935
20.5333,2897,254.6483971
20.32317,2902,255.0879007
20.32317,2907,255.5274043
20.32317,2912,255.966908
20.32317,2917,256.4064116
20.32317,2922,256.8459152
20.32317,2927,257.2854188
20.32317,2932,257.7249224
20.32317,2937,258.1644261
19.95197,2942,258.6039297
20.32317,2947,259.0434333
20.32317,2952,259.4829369
20.32317,2957,259.9224405
19.95197,2962,260.3619442
20.32317,2967,260.8014478
20.32317,2972,261.2409514
19.95197,2976,261.5925543
20.32317,2981,262.0320579
20.32317,2987,262.5594623
20.32317,2992,262.9989659
20.32317,2997,263.4384695
20.32317,3003,263.9658738
20.32317,3007,264.3174767
19.95197,3012,264.7569804
20.32317,3017,265.196484
20.32317,3024,265.811789
20.32317,3028,266.1633919
20.32317,3032,266.5149948
19.95197,3037,266.9544984
20.32317,3042,267.3940021
20.32317,3047,267.8335057
20.32317,3052,268.2730093
20.32317,3057,268.7125129
20.32317,3062,269.1520165
20.5333,3067,269.5915202
20.32317,3072,270.0310238
20.32317,3078,270.5584281
20.32317,3082,270.910031
20.32317,3087,271.3495346
19.95197,3092,271.7890383
20.32317,3097,272.2285419
20.32317,3103,272.7559462
20.32317,3107,273.1075491
20.32317,3112,273.5470527
20.32317,3117,273.9865564
20.32317,3122,274.42606
20.32317,3127,274.8655636
20.32317,3132,275.3050672
20.32317,3137,275.7445708
20.32317,3141,276.0961737
20.32317,3147,276.6235781
20.32317,3151,276.975181
20.32317,3157,277.5025853
20.32317,3162,277.9420889
20.5333,3167,278.3815926
20.32317,3172,278.8210962
19.95197,3177,279.2605998
20.32317,3182,279.7001034
20.32317,3187,280.139607
20.32317,3192,280.5791107
20.32317,3197,281.0186143
19.95197,3202,281.4581179
20.15067,3207,281.8976215
20.32317,3212,282.3371251
20.32317,3217,282.7766287
20.32317,3222,283.2161324
20.32317,3227,283.655636
20.32317,3233,284.1830403
20.32317,3238,284.622544
20.32317,3242,284.9741468
20.32317,3247,285.4136505
20.32317,3252,285.8531541
19.95197,3257,286.2926577
20.32317,3262,286.7321613
20.32317,3267,287.1716649
19.95197,3272,287.6111686
20.32317,3277,288.0506722
19.95197,3282,288.4901758
19.95197,3287,288.9296794
19.95197,3292,289.369183
19.95197,3297,289.8086867
20.32317,3302,290.2481903
20.32317,3307,290.6876939
20.32317,3312,291.1271975
20.32317,3317,291.5667011
19.95197,3322,292.0062048
19.95197,3327,292.4457084
20.32317,3332,292.885212
19.95197,3337,293.3247156
19.95197,3342,293.7642192
19.95197,3347,294.2037229
19.95197,3352,294.6432265
20.32317,3357,295.0827301
19.95197,3362,295.5222337
19.95197,3367,295.9617373
19.95197,3372,296.401241
19.95197,3377,296.8407446
19.95197,3382,297.2802482
19.95197,3387,297.7197518
19.95197,3392,298.1592554
19.95197,3397,298.598759
19.95197,3402,299.0382627
19.95197,3407,299.4777663
19.59214,3412,299.9172699
19.95197,3417,300.3567735
19.95197,3422,300.7962771
19.95197,3427,301.2357808
19.59214,3432,301.6752844
19.75058,3437,302.114788
19.95197,3442,302.5542916
19.59214,3447,302.9937952
19.59214,3452,303.4332989
19.59214,3457,303.8728025
19.95197,3462,304.3123061
19.40134,3467,304.7518097
19.59214,3472,305.1913133
19.59214,3477,305.630817
19.59214,3482,306.0703206
19.59214,3487,306.5098242
19.59214,3492,306.9493278
19.59214,3497,307.3888314
19.59214,3501,307.7404343
19.59214,3507,308.2678387
19.59214,3512,308.7073423
19.59214,3517,309.1468459
19.59214,3522,309.5863495
19.59214,3527,310.0258532
19.59214,3532,310.4653568
19.59214,3537,310.9048604
19.40134,3542,311.344364
19.40134,3547,311.7838676
19.59214,3552,312.2233713
19.59214,3557,312.6628749
19.59214,3562,313.1023785
19.40134,3567,313.5418821
19.59214,3572,313.9813857
19.59214,3577,314.4208893
19.59214,3582,314.860393
19.59214,3587,315.2998966
19.24329,3592,315.7394002
19.59214,3597,316.1789038
19.06241,3602,316.6184074
19.59214,3607,317.0579111
19.59214,3612,317.4974147
19.59214,3617,317.9369183
19.59214,3622,318.3764219
19.59214,3627,318.8159255
19.59214,3632,319.2554292
19.59214,3637,319.6949328
19.59214,3642,320.1344364
19.59214,3647,320.57394
19.59214,3652,321.0134436
19.59214,3659,321.6287487
19.40134,3663,321.9803516
19.59214,3667,322.3319545
19.59214,3672,322.7714581
19.59214,3676,323.123061
19.40134,3682,323.6504654
19.59214,3687,324.089969
19.59214,3692,324.5294726
19.59214,3697,324.9689762
19.59214,3702,325.4084798
19.59214,3707,325.8479835
19.59214,3712,326.2874871
19.59214,3717,326.7269907
19.59214,3721,327.0785936
19.59214,3722,327.1664943
19.59214,3720,326.9906929
19.59214,3717,326.7269907
19.59214,3713,326.3753878
19.40134,3709,326.0237849
19.59214,3704,325.5842813
19.59214,3699,325.1447777
19.59214,3693,324.6173733
19.59214,3689,324.2657704
19.59214,3684,323.8262668
19.59214,3679,323.3867632
19.59214,3674,322.9472596
19.59214,3669,322.5077559
19.59214,3663,321.9803516
19.59214,3658,321.540848
19.59214,3653,321.1013444
19.59214,3649,320.7497415
19.40134,3644,320.3102378
19.59214,3639,319.8707342
19.40134,3634,319.4312306
19.59214,3628,318.9038263
19.40134,3624,318.5522234
19.40134,3618,318.024819
19.59214,3614,317.6732161
19.59214,3609,317.2337125
19.59214,3603,316.7063082
19.59214,3598,316.2668046
19.59214,3594,315.9152017
19.59214,3589,315.475698
19.59214,3584,315.0361944
19.40134,3579,314.5966908
19.40134,3574,314.1571872
19.59214,3569,313.7176836
19.40134,3564,313.2781799
19.59214,3559,312.8386763
19.59214,3554,312.3991727
19.59214,3549,311.9596691
19.59214,3544,311.5201655
19.40134,3538,310.9927611
19.59214,3533,310.5532575
19.59214,3529,310.2016546
19.59214,3524,309.762151
19.59214,3519,309.3226474
19.59214,3514,308.8831437
19.59214,3509,308.4436401
19.59214,3504,308.0041365
19.59214,3498,307.4767322
19.40134,3493,307.0372285
19.59214,3489,306.6856256
19.40134,3484,306.246122
19.59214,3478,305.7187177
19.59214,3474,305.3671148
19.40134,3469,304.9276112
19.59214,3464,304.4881075
19.59214,3459,304.0486039
19.59214,3454,303.6091003
19.40134,3448,303.081696
19.59214,3444,302.7300931
19.59214,3438,302.2026887
19.59214,3434,301.8510858
19.59214,3428,301.3236815
19.59214,3423,300.8841779
19.59214,3419,300.532575
19.40134,3414,300.0930714
19.59214,3409,299.6535677
19.59214,3404,299.2140641
19.59214,3399,298.7745605
19.59214,3394,298.3350569
19.59214,3389,297.8955533
19.40134,3384,297.4560496
19.59214,3379,297.016546
19.59214,3373,296.4891417
19.59214,3368,296.0496381
19.59214,3363,295.6101344
19.59214,3358,295.1706308
19.59214,3354,294.8190279
19.59214,3348,294.2916236
19.59214,3343,293.85212
19.40134,3339,293.5005171
19.59214,3334,293.0610134
19.59214,3328,292.5336091
19.40134,3323,292.0941055
19.59214,3319,291.7425026
19.59214,3314,291.302999
19.40134,3309,290.8634953
19.40134,3304,290.4239917
19.59214,3299,289.9844881
19.59214,3293,289.4570838
19.59214,3288,289.0175801
19.59214,3284,288.6659772
19.24329,3279,288.2264736
19.40134,3274,287.78697
19.59214,3269,287.3474664
19.59214,3263,286.820062
19.06241,3258,286.3805584
19.59214,3254,286.0289555
19.59214,3249,285.5894519
19.40134,3244,285.1499483
19.59214,3238,284.622544
19.59214,3233,284.1830403
19.59214,3229,283.8314374
19.40134,3224,283.3919338
19.59214,3219,282.9524302
19.59214,3214,282.5129266
19.59214,3208,281.9855222
19.59214,3204,281.6339193
19.59214,3199,281.1944157
19.59214,3194,280.7549121
19.59214,3189,280.3154085
19.40134,3183,279.7880041
19.59214,3178,279.3485005
19.59214,3173,278.9089969
19.40134,3169,278.557394
19.59214,3164,278.1178904
19.40134,3159,277.6783868
19.59214,3154,277.2388831
19.59214,3149,276.7993795
19.40134,3144,276.3598759
19.59214,3139,275.9203723
19.59214,3134,275.4808687
19.59214,3129,275.041365
19.06241,3123,274.5139607
19.59214,3118,274.0744571
19.59214,3113,273.6349535
19.40134,3108,273.1954498
19.40134,3104,272.8438469
19.59214,3099,272.4043433
19.59214,3094,271.9648397
19.40134,3089,271.5253361
19.59214,3084,271.0858325
19.59214,3078,270.5584281
19.59214,3073,270.1189245
19.40134,3068,269.6794209
19.59214,3064,269.327818
19.40134,3059,268.8883144
19.59214,3053,268.36091
19.59214,3048,267.9214064
19.59214,3044,267.5698035
19.40134,3038,267.0423992
19.59214,3034,266.6907963
19.40134,3029,266.2512927
19.59214,3024,265.811789
19.59214,3018,265.2843847
19.59214,3014,264.9327818
19.59214,3009,264.4932782
19.40134,3003,263.9658738
19.59214,2998,263.5263702
19.59214,2993,263.0868666
19.40134,2989,262.7352637
19.59214,2983,262.2078594
19.40134,2978,261.7683557
19.40134,2974,261.4167528
19.59214,2969,260.9772492
19.59214,2963,260.4498449
19.40134,2959,260.098242
19.59214,2953,259.5708376
19.59214,2949,259.2192347
19.59214,2944,258.7797311
19.59214,2939,258.3402275
19.59214,2933,257.8128232
19.59214,2928,257.3733195
19.59214,2923,256.9338159
19.59214,2919,256.582213
19.40134,2914,256.1427094
19.59214,2909,255.7032058
19.59214,2904,255.2637022
19.59214,2899,254.8241986
19.59214,2894,254.3846949
19.40134,2888,253.8572906
19.40134,2884,253.5056877
19.40134,2878,252.9782834
19.59214,2874,252.6266805
19.59214,2869,252.1871768
19.59214,2863,251.6597725
19.59214,2859,251.3081696
19.40134,2854,250.868666
19.59214,2849,250.4291624
19.40134,2843,249.901758
19.59214,2839,249.5501551
19.59214,2833,249.0227508
19.59214,2829,248.6711479
19.40134,2824,248.2316443
19.40134,2819,247.7921406
19.59214,2813,247.2647363
19.59214,2809,246.9131334
19.59214,2804,246.4736298
19.59214,2799,246.0341262
19.40134,2794,245.5946225
19.59214,2789,245.1551189
19.59214,2784,244.7156153
19.59214,2779,244.2761117
19.59214,2773,243.7487073
19.59214,2769,243.3971044
19.59214,2763,242.8697001
19.40134,2759,242.5180972
19.59214,2753,241.9906929
19.59214,2748,241.5511892
19.59214,2743,241.1116856
19.59214,2739,240.7600827
19.40134,2734,240.3205791
19.59214,2728,239.7931748
19.59214,2723,239.3536711
19.95197,2719,239.0020683
19.95197,2714,238.5625646
19.59214,2709,238.123061
19.40134,2703,237.5956567
19.59214,2699,237.2440538
19.59214,2694,236.8045502
19.40134,2689,236.3650465
19.40134,2683,235.8376422
19.40134,2679,235.4860393
19.59214,2674,235.0465357
19.59214,2669,234.6070321
19.40134,2664,234.1675284
19.59214,2659,233.7280248
19.59214,2654,233.2885212
19.59214,2648,232.7611169
19.59214,2643,232.3216132
19.59214,2638,231.8821096
19.95197,2634,231.5305067
19.40134,2628,231.0031024
19.59214,2623,230.5635988
19.40134,2619,230.2119959
19.59214,2614,229.7724922
19.40134,2609,229.3329886
19.59214,2604,228.893485
19.59214,2598,228.3660807
19.75058,2593,227.926577
19.59214,2589,227.5749741
19.75058,2583,227.0475698
19.59214,2579,226.6959669
19.75058,2573,226.1685626
19.59214,2569,225.8169597
19.59214,2563,225.2895553
19.40134,2559,224.9379524
19.95197,2554,224.4984488
19.59214,2549,224.0589452
19.59214,2544,223.6194416
19.59214,2539,223.179938
19.40134,2534,222.7404343
19.59214,2529,222.3009307
19.59214,2524,221.8614271
19.40134,2518,221.3340228
19.59214,2514,220.9824199
19.40134,2508,220.4550155
19.95197,2503,220.0155119
19.40134,2499,219.663909
19.95197,2494,219.2244054
19.59214,2489,218.7849018
19.95197,2484,218.3453981
19.59214,2479,217.9058945
19.40134,2474,217.4663909
19.59214,2469,217.0268873
19.59214,2463,216.4994829
19.59214,2459,216.14788
19.59214,2453,215.6204757
19.59214,2449,215.2688728
19.59214,2443,214.7414685
19.59214,2439,214.3898656
19.59214,2434,213.9503619
19.59214,2429,213.5108583
19.40134,2424,213.0713547
19.40134,2419,212.6318511
19.40134,2412,212.016546
19.59214,2409,211.7528438
19.40134,2404,211.3133402
19.95197,2398,210.7859359
19.59214,2393,210.3464323
283.4168,2682,235.7497
283.4168,2688,236.2771
20.4043,2692,236.6287
20.6495,2696,236.9804
19.9886,2702,237.5078
19.9886,2707,237.9473
19.9886,2712,238.3868
20.6495,2597,228.2782
20.4043,2531,222.4767
20.4043,2474,217.4664
19.9886,2445,214.9173
19.9886,2422,212.8956
20.6495,2420,212.7198
20.4043,2421,212.8077
20.4043,2425,213.1593
19.9886,2429,213.5109
19.8868,2443,214.7415
20.3004,2444,214.8294
20.5443,2447,215.0931
20.5443,2451,215.4447
19.8868,2457,215.9721
20.3004,2462,216.4116
19.8868,2468,216.939
19.8868,2472,217.2906
20.3004,2477,217.7301
20.5443,2482,218.1696
20.3004,2487,218.6091
20.3004,2492,219.0486
20.5443,2497,219.4881
20.3004,2502,219.9276
20.3004,2507,220.3671
20.3004,2512,220.8066
20.1159,2517,221.2461
20.3004,2522,221.6856
20.3004,2527,222.1251
19.8868,2532,222.5646
20.3004,2537,223.0041
20.1159,2542,223.4436
19.8868,2547,223.8831
20.3004,2552,224.3226
19.8868,2557,224.7622
20.5443,2562,225.2017
19.8868,2567,225.6412
20.3004,2572,226.0807
20.5443,2579,226.696
20.1159,2583,227.0476
20.3004,2587,227.3992
20.3004,2592,227.8387
20.3004,2598,228.3661
20.3004,2602,228.7177
19.8868,2607,229.1572
19.8868,2612,229.5967
20.3004,2617,230.0362
20.5443,2622,230.4757
20.3004,2627,230.9152
20.3004,2632,231.3547
20.3004,2637,231.7942
19.8868,2642,232.2337
20.1159,2647,232.6732
20.3004,2652,233.1127
20.3004,2658,233.6401
20.3004,2662,233.9917
20.5443,2666,234.3433
20.5443,2672,234.8707
19.8868,2677,235.3102
19.8868,2682,235.7497
20.3004,2687,236.1892
20.3004,2692,236.6287
20.3004,2696,236.9804
19.8868,2701,237.4199
19.8868,2707,237.9473
20.5443,2712,238.3868
20.3004,2717,238.8263
20.3004,2722,239.2658
19.8868,2727,239.7053
20.3004,2732,240.1448
20.1159,2737,240.5843
20.3004,2742,241.0238
20.1159,2747,241.4633
20.1159,2752,241.9028
19.8868,2757,242.3423
20.1159,2763,242.8697
19.8868,2767,243.2213
19.8868,2772,243.6608
20.3004,2777,244.1003
20.3004,2782,244.5398
20.3004,2787,244.9793
19.8868,2792,245.4188
20.3004,2797,245.8583
19.8868,2801,246.2099
19.8868,2806,246.6494
19.8868,2812,247.1768
20.3004,2817,247.6163
20.3004,2822,248.0558
20.3004,2827,248.4953
20.3004,2832,248.9349
20.3004,2837,249.3744
19.8868,2842,249.8139
19.8868,2848,250.3413
19.8868,2852,250.6929
19.8868,2857,251.1324
20.3004,2862,251.5719
20.3004,2867,252.0114
20.3004,2872,252.4509
20.3004,2877,252.8904
20.3004,2882,253.3299
20.3004,2887,253.7694
20.3004,2892,254.2089
19.8868,2897,254.6484
20.1159,2902,255.0879
20.5443,2907,255.5274
20.3004,2912,255.9669
20.3004,2917,256.4064
20.3004,2922,256.8459
20.3004,2927,257.2854
20.3004,2932,257.7249
20.3004,2937,258.1644
20.3004,2942,258.6039
19.8868,2947,259.0434
20.3004,2952,259.4829
20.3004,2957,259.9224
19.8868,2962,260.3619
20.3004,2967,260.8014
20.3004,2972,261.241
20.3004,2976,261.5926
20.1159,2981,262.0321
20.3004,2987,262.5595
20.5443,2992,262.999
20.3004,2997,263.4385
20.3004,3004,264.0538
19.8868,3008,264.4054
19.8868,3013,264.8449
20.3004,3017,265.1965
20.3004,3023,265.7239
20.3004,3027,266.0755
20.3004,3032,266.515
20.3004,3035,266.7787
20.1159,3039,267.1303
20.3004,3046,267.7456
19.8868,3051,268.1851
19.8868,3057,268.7125
20.3004,3063,269.2399
20.5443,3068,269.6794
19.8868,3073,270.1189
20.3004,3076,270.3826
19.8868,3081,270.8221
19.8868,3087,271.3495
19.8868,3092,271.789
20.3004,3096,272.1406
19.8868,3102,272.668
20.3004,3106,273.0196
20.3004,3112,273.5471
20.3004,3117,273.9866
19.8868,3122,274.4261
19.8868,3128,274.9535
20.5443,3134,275.4809
20.3004,3138,275.8325
19.8868,3144,276.3599
20.5443,3149,276.7994
19.8868,3152,277.0631
20.1159,3158,277.5905
20.3004,3162,277.9421
21.1715,3167,278.3816
21.1715,3172,278.8211
20.8921,3177,279.2606
20.8921,3183,279.788
20.7284,3187,280.1396
20.7284,3193,280.667
20.8921,3198,281.1065
20.7284,3202,281.4581
21.1715,3208,281.9855
21.1715,3213,282.425
21.1715,3217,282.7766
21.1715,3222,283.2161
20.466,3228,283.7435
21.1715,3232,284.0951
20.7284,3238,284.6225
20.7284,3242,284.9741
21.1715,3248,285.5016
21.1715,3252,285.8532
21.1715,3257,286.2927
20.7284,3263,286.8201
20.466,3268,287.2596
20.7284,3272,287.6112
20.7284,3277,288.0507
20.7284,3282,288.4902
20.7284,3288,289.0176
20.7284,3292,289.3692
20.7284,3297,289.8087
21.3324,3302,290.2482
20.8921,3307,290.6877
20.8921,3311,291.0393
20.8921,3317,291.5667
20.8921,3322,292.0062
21.3324,3327,292.4457
20.8921,3331,292.7973
20.8921,3336,293.2368
21.3324,3341,293.6763
20.8921,3346,294.1158
20.8921,3351,294.5553
20.8921,3356,294.9948
20.8921,3362,295.5222
20.8921,3367,295.9617
20.8921,3372,296.4012
20.8921,3377,296.8407
20.8921,3381,297.1923
21.1715,3386,297.6319
20.8921,3392,298.1593
21.3324,3396,298.5109
21.3324,3401,298.9504
20.8921,3406,299.3899
20.8921,3411,299.8294
21.3324,3416,300.2689
21.3324,3421,300.7084
20.6112,3426,301.1479
20.8921,3431,301.5874
20.6112,3435,301.939
20.8921,3441,302.4664
20.8921,3445,302.818
20.6112,3449,303.1696
20.6112,3454,303.6091
20.466,3458,303.9607
20.0536,3462,304.3123
20.8921,3467,304.7518
20.466,3472,305.1913
20.466,3477,305.6308
20.466,3481,305.9824
20.466,3486,306.4219
20.0536,3491,306.8614
20.3004,3496,307.3009
19.8868,3500,307.6525
20.3004,3505,308.092
20.3004,3509,308.4436
20.0536,3514,308.8831
20.7284,3518,309.2347
20.3004,3522,309.5863
20.0536,3527,310.0259
20.3004,3533,310.5533
20.466,3537,310.9049
20.9883,3542,311.3444
20.7284,3547,311.7839
20.5443,3552,312.2234
20.3004,3558,312.7508
20.3004,3562,313.1024
19.8868,3566,313.454
20.5443,3571,313.8935
20.0536,3576,314.333
20.0536,3580,314.6846
20.3004,3586,315.212
20.3004,3591,315.6515
20.5443,3595,316.0031
20.3004,3600,316.4426
20.3004,3605,316.8821
20.9883,3610,317.3216
20.3004,3615,317.7611
19.8868,3619,318.1127
20.5443,3624,318.5522
20.5443,3628,318.9038
20.5443,3634,319.4312
20.3004,3639,319.8707
20.5443,3645,320.3981
19.8868,3650,320.8376
19.8868,3656,321.365
20.5443,3662,321.8925
20.5443,3668,322.4199
20.3004,3674,322.9473
20.1159,3681,323.5626
20.1159,3687,324.09
19.8868,3693,324.6174
20.3004,3699,325.1448
19.8868,3704,325.5843
20.5443,3710,326.1117
20.3004,3716,326.6391
20.9883,3721,327.0786
20.9883,3721,327.0786
20.3004,3721,327.0786
20.0536,3717,326.727
20.7284,3714,326.4633
20.3004,3709,326.0238
20.5443,3704,325.5843
20.5443,3700,325.2327
20.9883,3696,324.8811
20.3004,3691,324.4416
20.3004,3686,324.0021
20.3004,3681,323.5626
20.7284,3675,323.0352
20.5443,3670,322.5957
20.5443,3665,322.1562
20.3004,3660,321.7166
20.5443,3655,321.2771
20.3004,3650,320.8376
20.5443,3645,320.3981
20.7284,3640,319.9586
21.2448,3635,319.5191
20.3004,3631,319.1675
20.3004,3625,318.6401
20.5443,3620,318.2006
20.5443,3614,317.6732
20.3004,3609,317.2337
20.9883,3604,316.7942
21.1715,3599,316.3547
21.1715,3593,315.8273
20.3004,3588,315.3878
21.1715,3584,315.0362
20.3004,3579,314.5967
20.0536,3575,314.2451
20.7284,3569,313.7177
20.9883,3564,313.2782
20.3004,3560,312.9266
20.0536,3554,312.3992
20.5443,3549,311.9597
20.7284,3544,311.5202
19.8868,3539,311.0807
20.7284,3534,310.6412
20.466,3529,310.2017
19.8868,3524,309.7622
20.7284,3519,309.3226
20.466,3514,308.8831
20.466,3509,308.4436
20.7284,3504,308.0041
21.4486,3499,307.5646
20.9883,3494,307.1251
20.7284,3489,306.6856
20.5443,3484,306.2461
20.5443,3479,305.8066
20.3004,3474,305.3671
20.9883,3469,304.9276
20.9883,3464,304.4881
20.9883,3459,304.0486
21.2448,3454,303.6091
20.3004,3449,303.1696
20.7284,3445,302.818
20.7284,3440,302.3785
19.8868,3435,301.939
20.9883,3429,301.4116
20.9883,3424,300.9721
20.3004,3420,300.6205
20.9883,3414,300.0931
20.5443,3410,299.7415
20.3004,3404,299.2141
20.9883,3400,298.8625
20.5443,3395,298.423
20.5443,3391,298.0714
20.9883,3385,297.544
20.3004,3381,297.1923
20.466,3375,296.6649
20.5443,3371,296.3133
20.3004,3365,295.7859
20.9883,3361,295.4343
20.3004,3356,294.9948
20.7284,3351,294.5553
20.0536,3346,294.1158
20.3004,3342,293.7642
20.9883,3336,293.2368
20.5443,3332,292.8852
20.5443,3327,292.4457
20.466,3322,292.0062
20.3004,3317,291.5667
19.8868,3312,291.1272
20.3004,3307,290.6877
19.8868,3303,290.3361
20.5443,3299,289.9845
20.3004,3293,289.4571
20.5443,3288,289.0176
20.7284,3282,288.4902
20.5443,3278,288.1386
19.8868,3273,287.6991
20.9883,3269,287.3475
20.5443,3263,286.8201
20.0536,3258,286.3806
20.3004,3254,286.029
20.5443,3249,285.5895
20.5443,3243,285.062
20.1159,3238,284.6225
20.5443,3232,284.0951
20.5443,3229,283.8314
20.7284,3223,283.304
20.7284,3218,282.8645
20.5443,3214,282.5129
20.9883,3209,282.0734
20.9883,3204,281.6339
20.7284,3200,281.2823
20.3004,3195,280.8428
20.7846,3190,280.4033
20.7284,3185,279.9638
20.3004,3180,279.5243
19.6547,3176,279.1727
20.3004,3171,278.7332
20.7284,3167,278.3816
19.8868,3162,277.9421
20.466,3158,277.5905
19.8868,3153,277.151
20.5443,3148,276.7115
20.7284,3144,276.3599
20.5443,3139,275.9204
20.3004,3134,275.4809
20.7284,3129,275.0414
20.3004,3123,274.514
20.9883,3118,274.0745
20.9883,3113,273.635
20.7284,3108,273.1954
20.9883,3103,272.7559
20.5443,3099,272.4043
20.9883,3093,271.8769
20.3004,3087,271.3495
20.3004,3081,270.8221
20.7284,3075,270.2947
20.3004,3069,269.7673
20.5443,3063,269.2399
20.7284,3057,268.7125
20.9883,3052,268.273
20.7284,3046,267.7456
21.1715,3041,267.3061
20.9883,3035,266.7787
20.9883,3030,266.3392
20.7284,3024,265.8118
21.2448,3019,265.3723
20.5443,3012,264.757
20.9883,3007,264.3175
20.7284,3003,263.9659
20.3004,2999,263.6143
20.8921,2994,263.1748
21.1715,2988,262.6474
20.9883,2983,262.2079
20.7284,2978,261.7684
20.9883,2971,261.1531
21.4486,2968,260.8893
20.7284,2964,260.5377
20.7284,2959,260.0982
21.4486,2954,259.6587
21.4486,2948,259.1313
21.4486,2944,258.7797
21.4486,2939,258.3402
20.9883,2933,257.8128
21.1715,2928,257.3733
20.7284,2923,256.9338
20.8921,2919,256.5822
20.7284,2914,256.1427
21.1715,2909,255.7032
20.3004,2904,255.2637
20.9883,2899,254.8242
20.7284,2894,254.3847
21.4486,2889,253.9452
20.9883,2884,253.5057
20.9883,2879,253.0662
20.7284,2874,252.6267
20.7284,2869,252.1872
20.9883,2863,251.6598
21.1715,2859,251.3082
21.4486,2854,250.8687
20.466,2849,250.4292
21.2448,2845,250.0776
20.7284,2839,249.5502
21.4486,2834,249.1107
21.6301,2829,248.6711
20.9883,2824,248.2316
20.9883,2819,247.7921
20.9883,2814,247.3526
20.7284,2809,246.9131
21.1715,2804,246.4736
21.1715,2799,246.0341
20.9883,2794,245.5946
20.9883,2789,245.1551
21.1715,2784,244.7156
20.3004,2646,232.5853
20.3004,2580,226.7839
19.8868,2512,220.8066
20.0923,2442,214.6536
20.5102,2429,213.5109
20.5102,2424,213.0714
20.0923,2424,213.0714
20.7566,2426,213.2472
20.5102,2430,213.5988
20.0923,2433,213.8625
20.7566,2437,214.2141
20.5102,2442,214.6536
20.3238,2447,215.0931
20.0923,2453,215.6205
20.5102,2457,215.9721
20.7566,2462,216.4116
20.5102,2467,216.8511
20.5102,2472,217.2906
20.5102,2478,217.818
20.0923,2482,218.1696
20.7566,2488,218.697
20.0923,2493,219.1365
20.5102,2497,219.4881
20.5102,2502,219.9276
20.0923,2507,220.3671
20.7566,2512,220.8066
20.5102,2517,221.2461
33.5278,2522,221.6856
117.4059,2533,222.6525
33.3739,2538,223.092
30.9051,2544,223.6194
30.1839,2549,224.0589
30.1839,2553,224.4105
29.4758,2556,224.6743
31.7682,2564,225.3775
35.311,2569,225.817
35.311,2574,226.2565
36.2184,2575,226.3444
38.4975,2583,227.0476
23.4834,2587,227.3992
20.5102,2593,227.9266
20.5102,2594,228.0145
20.5102,2600,228.5419
20.5102,2605,228.9814
20.5102,2609,229.333
20.5102,2613,229.6846
20.0923,2617,230.0362
21.5529,2622,230.4757
22.9774,2626,230.8273
20.6775,2638,231.8821
22.4872,2640,232.0579
22.0124,2647,232.6732
21.108,2649,232.849
21.108,2654,233.2885
21.108,2660,233.8159
21.108,2665,234.2554
23.0944,2668,234.5191
24.0054,2678,235.3981
22.145,2685,236.0134
23.0944,2687,236.1892
21.108,2691,236.5408
21.251,2695,236.8925
21.251,2700,237.332
21.251,2705,237.7715
21.251,2709,238.1231
21.108,2714,238.5626
21.108,2720,239.09
20.8242,2724,239.4416
21.108,2730,239.969
21.108,2735,240.4085
21.108,2740,240.848
20.8242,2745,241.2875
20.6775,2751,241.8149
20.4105,2755,242.1665
22.145,2760,242.606
21.251,2765,243.0455
20.2609,2770,243.485
20.0923,2775,243.9245
20.2609,2779,244.2761
19.6886,2784,244.7156
19.8578,2790,245.243
19.8578,2795,245.6825
20.2609,2799,246.0341
22.0124,2805,246.5615
20.2609,2810,247.001
20.0923,2815,247.4405
19.6886,2820,247.88
19.6886,2825,248.3195
19.6886,2829,248.6711
19.6886,2834,249.1107
19.6886,2839,249.5502
19.6886,2844,249.9897
19.6886,2849,250.4292
19.6886,2854,250.8687
20.0923,2859,251.3082
20.0923,2864,251.7477
19.8578,2869,252.1872
20.0923,2874,252.6267
20.0923,2879,253.0662
20.0923,2884,253.5057
20.0923,2889,253.9452
20.0923,2893,254.2968
20.5102,2898,254.7363
20.5102,2903,255.1758
20.0923,2908,255.6153
20.0923,2913,256.0548
20.3238,2918,256.4943
20.0923,2923,256.9338
20.0923,2929,257.4612
20.0923,2933,257.8128
20.5102,2939,258.3402
20.5102,2944,258.7797
20.5102,2949,259.2192
20.5102,2953,259.5708
20.5102,2958,260.0103
20.0923,2963,260.4498
20.5102,2968,260.8893
20.5102,2974,261.4168
20.5102,2978,261.7684
20.5102,2983,262.2079
20.3238,2988,262.6474
20.5102,2993,263.0869
20.5102,2998,263.5264
20.5102,3003,263.9659
20.5102,3008,264.4054
20.5102,3013,264.8449
20.5102,3018,265.2844
20.0923,3023,265.7239
20.3238,3028,266.1634
20.0923,3032,266.515
20.5102,3038,267.0424
20.0923,3043,267.4819
20.0923,3049,268.0093
20.0923,3053,268.3609
20.5102,3058,268.8004
20.5102,3063,269.2399
20.3238,3068,269.6794
20.3238,3073,270.1189
20.0923,3078,270.5584
20.0923,3082,270.91
20.0923,3088,271.4374
20.5102,3092,271.789
20.0923,3097,272.2285
20.5102,3103,272.7559
20.0923,3107,273.1075
20.0923,3111,273.4592
20.0923,3116,273.8987
20.0923,3122,274.4261
20.0923,3127,274.8656
20.0923,3132,275.3051
20.0923,3137,275.7446
20.5102,3141,276.0962
20.0923,3146,276.5357
20.5102,3151,276.9752
20.0923,3157,277.5026
19.8578,3162,277.9421
19.8578,3167,278.3816
20.0923,3172,278.8211
20.0923,3177,279.2606
20.7566,3182,279.7001
20.5102,3187,280.1396
20.0923,3192,280.5791
20.5102,3197,281.0186
20.5102,3201,281.3702
20.0923,3206,281.8097
20.0923,3212,282.3371
20.5102,3217,282.7766
20.0923,3222,283.2161
20.0923,3227,283.6556
20.5102,3232,284.0951
20.5102,3237,284.5346
20.0923,3242,284.9741
20.5102,3247,285.4137
20.0923,3252,285.8532
20.7566,3256,286.2048
20.0923,3262,286.7322
20.5102,3267,287.1717
20.0923,3272,287.6112
20.0923,3277,288.0507
20.0923,3282,288.4902
20.0923,3287,288.9297
20.0923,3292,289.3692
20.0923,3297,289.8087
20.0923,3302,290.2482
20.0923,3307,290.6877
20.5102,3312,291.1272
20.0923,3317,291.5667
20.0923,3321,291.9183
20.5102,3326,292.3578
20.0923,3331,292.7973
20.0923,3336,293.2368
20.0923,3342,293.7642
20.5102,3346,294.1158
20.5102,3350,294.4674
20.0923,3356,294.9948
20.0923,3360,295.3464
20.0923,3365,295.7859
20.0923,3370,296.2254
20.5102,3375,296.6649
20.0923,3380,297.1044
20.0923,3385,297.544
20.5102,3390,297.9835
20.0923,3395,298.423
20.0923,3400,298.8625
20.0923,3405,299.302
20.3238,3410,299.7415
20.0923,3414,300.0931
20.0923,3420,300.6205
20.0923,3425,301.06
20.0923,3430,301.4995
20.0923,3434,301.8511
20.0923,3439,302.2906
20.0923,3444,302.7301
20.0923,3448,303.0817
20.0923,3454,303.6091
20.0923,3458,303.9607
20.0923,3463,304.4002
20.0923,3469,304.9276
20.3238,3474,305.3671
20.0923,3479,305.8066
20.0923,3484,306.2461
20.0923,3488,306.5977
20.0923,3493,307.0372
20.0923,3498,307.4767
20.5102,3503,307.9162
20.0923,3508,308.3557
20.0923,3512,308.7073
20.3238,3518,309.2347
20.0923,3523,309.6743
20.0923,3528,310.1138
20.0923,3533,310.5533
20.0923,3538,310.9928
20.0923,3543,311.4323
20.0923,3547,311.7839
20.0923,3552,312.2234
20.3238,3557,312.6629
20.0923,3562,313.1024
20.0923,3567,313.5419
20.0923,3572,313.9814
20.5102,3577,314.4209
20.5102,3582,314.8604
20.0923,3587,315.2999
20.0923,3592,315.7394
20.0923,3597,316.1789
20.0923,3602,316.6184
20.0923,3607,317.0579
20.0923,3612,317.4974
20.0923,3617,317.9369
20.0923,3622,318.3764
20.0923,3627,318.8159
20.3238,3632,319.2554
20.0923,3638,319.7828
20.0923,3643,320.2223
20.5102,3648,320.6618
20.5102,3653,321.1013
19.6886,3659,321.6287
19.8578,3664,322.0683
20.0923,3668,322.4199
20.0923,3673,322.8594
20.0923,3678,323.2989
20.0923,3683,323.7384
20.0923,3689,324.2658
20.0923,3694,324.7053
20.0923,3699,325.1448
20.0923,3704,325.5843
20.0923,3709,326.0238
20.0923,3714,326.4633
20.0923,3719,326.9028
20.0923,3720,326.9907
20.0923,3719,326.9028
20.0923,3715,326.5512
20.0923,3711,326.1996
20.0923,3707,325.848
20.0923,3703,325.4964
20.0923,3698,325.0569
20.0923,3693,324.6174
20.0923,3688,324.1779
20.0923,3683,323.7384
20.0923,3678,323.2989
20.0923,3673,322.8594
20.3238,3668,322.4199
20.0923,3663,321.9804
20.0923,3658,321.5408
20.0923,3654,321.1892
20.0923,3649,320.7497
20.0923,3644,320.3102
20.0923,3639,319.8707
20.0923,3634,319.4312
20.0923,3629,318.9917
20.0923,3624,318.5522
20.0923,3619,318.1127
20.0923,3614,317.6732
20.0923,3610,317.3216
20.0923,3605,316.8821
20.0923,3600,316.4426
20.0923,3595,316.0031
20.3238,3590,315.5636
19.8578,3584,315.0362
20.0923,3579,314.5967
20.0923,3575,314.2451
20.0923,3569,313.7177
20.0923,3564,313.2782
19.6886,3559,312.8387
20.0923,3554,312.3992
20.5102,3549,311.9597
20.0923,3544,311.5202
19.9062,3539,311.0807
19.6886,3534,310.6412
19.8578,3530,310.2896
19.6886,3525,309.8501
20.0923,3520,309.4105
20.0923,3516,309.0589
20.0923,3511,308.6194
20.0923,3506,308.1799
20.0923,3502,307.8283
20.0923,3497,307.3888
20.0923,3492,306.9493
20.0923,3487,306.5098
20.0923,3482,306.0703
20.3238,3478,305.7187
20.0923,3473,305.2792
20.0923,3469,304.9276
20.0923,3463,304.4002
20.0923,3458,303.9607
20.0923,3453,303.5212
20.0923,3448,303.0817
20.0923,3443,302.6422
20.0923,3439,302.2906
20.0923,3434,301.8511
20.0923,3429,301.4116
20.0923,3425,301.06
20.0923,3421,300.7084
20.0923,3416,300.2689
20.0923,3412,299.9173
20.0923,3407,299.4778
20.0923,3402,299.0383
20.0923,3398,298.6867
20.0923,3393,298.2472
20.0923,3388,297.8077
20.0923,3383,297.3681
20.0923,3378,296.9286
20.0923,3373,296.4891
20.0923,3369,296.1375
20.0923,3364,295.698
20.0923,3359,295.2585
20.0923,3355,294.9069
20.0923,3348,294.2916
20.0923,3343,293.8521
20.0923,3339,293.5005
20.0923,3335,293.1489
19.6886,3330,292.7094
20.0923,3325,292.2699
19.6886,3321,291.9183
20.0923,3316,291.4788
20.0923,3312,291.1272
20.0923,3308,290.7756
19.9062,3303,290.3361
19.6886,3298,289.8966
20.0923,3292,289.3692
20.0923,3287,288.9297
20.0923,3282,288.4902
20.0923,3277,288.0507
20.0923,3272,287.6112
20.0923,3267,287.1717
20.0923,3262,286.7322
20.0923,3256,286.2048
20.0923,3252,285.8532
20.0923,3247,285.4137
20.0923,3242,284.9741
20.0923,3237,284.5346
20.0923,3232,284.0951
20.0923,3228,283.7435
20.0923,3223,283.304
20.0923,3218,282.8645
20.0923,3214,282.5129
20.0923,3209,282.0734
20.0923,3204,281.6339
20.0923,3199,281.1944
20.0923,3194,280.7549
20.0923,3188,280.2275
20.0923,3184,279.8759
20.0923,3179,279.4364
20.0923,3174,278.9969
20.0923,3169,278.5574
20.0923,3163,278.03
20.0923,3158,277.5905
20.0923,3152,277.0631
20.0923,3147,276.6236
20.0923,3142,276.1841
20.0923,3137,275.7446
20.0923,3131,275.2172
19.6886,3124,274.6019
20.0923,3118,274.0745
19.6886,3111,273.4592
20.0923,3105,272.9317
20.0923,3100,272.4922
20.0923,3093,271.8769
19.6886,3087,271.3495
20.0923,3081,270.8221
20.0923,3076,270.3826
19.6886,3071,269.9431
20.0923,3065,269.4157
20.0923,3060,268.9762
20.0923,3055,268.5367
20.0923,3050,268.0972
20.0923,3046,267.7456
20.0923,3041,267.3061
20.0923,3035,266.7787
19.6886,3030,266.3392
20.0923,3025,265.8997
19.6886,3019,265.3723
20.0923,3014,264.9328
20.0923,3009,264.4933
20.0923,3004,264.0538
20.0923,2998,263.5264
20.0923,2994,263.1748
20.0923,2989,262.7353
20.0923,2984,262.2958
20.0923,2979,261.8563
20.0923,2974,261.4168
20.0923,2969,260.9772
20.0923,2964,260.5377
19.6886,2959,260.0982
20.0923,2954,259.6587
19.6886,2949,259.2192
20.0923,2943,258.6918
20.0923,2938,258.2523
19.4678,2933,257.8128
20.0923,2929,257.4612
20.0923,2924,257.0217
20.0923,2919,256.5822
19.6886,2914,256.1427
20.0923,2909,255.7032
20.0923,2904,255.2637
20.0923,2899,254.8242
20.0923,2894,254.3847
19.6886,2889,253.9452
20.0923,2884,253.5057
20.0923,2879,253.0662
20.0923,2874,252.6267
20.0923,2867,252.0114
20.0923,2863,251.6598
19.6886,2859,251.3082
20.0923,2854,250.8687
19.6886,2848,250.3413
20.0923,2844,249.9897
20.0923,2839,249.5502
20.0923,2834,249.1107
19.6886,2829,248.6711
19.6886,2824,248.2316
20.0923,2819,247.7921
19.6886,2814,247.3526
20.0923,2809,246.9131
19.6886,2804,246.4736
20.0923,2799,246.0341
19.6886,2794,245.5946
19.6886,2789,245.1551
19.8578,2784,244.7156
19.8578,2779,244.2761
20.3238,2774,243.8366
19.6886,2767,243.2213
20.0923,2759,242.5181
20.0923,2757,242.3423
19.6886,2753,241.9907
19.6886,2748,241.5512
19.6886,2743,241.1117
20.0923,2738,240.6722
19.4678,2734,240.3206
20.0923,2729,239.8811
20.0923,2723,239.3537
20.0923,2719,239.0021
20.0923,2714,238.5626
20.0923,2709,238.1231
19.6886,2704,237.6836
20.0923,2699,237.2441
20.0923,2694,236.8046
20.0923,2689,236.365
19.6886,2684,235.9255
19.6886,2679,235.486
19.8578,2672,234.8707
20.0923,2667,234.4312
20.0923,2663,234.0796
20.0923,2659,233.728
19.6886,2653,233.2006
19.6886,2649,232.849
20.0923,2644,232.4095
19.8578,2639,231.97
19.6886,2634,231.5305
20.0923,2629,231.091
19.6886,2624,230.6515
20.0923,2619,230.212
20.3238,2614,229.7725
20.0923,2609,229.333
20.0923,2604,228.8935
20.0923,2599,228.454
20.0923,2593,227.9266
20.0923,2589,227.575
19.6886,2584,227.1355
20.0923,2579,226.696
19.6886,2574,226.2565
20.0923,2569,225.817
20.0923,2564,225.3775
20.0923,2558,224.8501
20.0923,2554,224.4984
20.0923,2549,224.0589
19.6886,2544,223.6194
19.6886,2538,223.092
19.6886,2534,222.7404
19.8578,2528,222.213
19.4678,2524,221.8614
19.4678,2519,221.4219
19.6886,2514,220.9824
20.0923,2510,220.6308
20.0923,2504,220.1034
20.0923,2499,219.6639
19.6886,2494,219.2244
20.0923,2489,218.7849
20.0923,2482,218.1696
19.6886,2478,217.818
19.6886,2473,217.3785
19.6886,2469,217.0269
20.0923,2464,216.5874
19.6886,2459,216.1479
20.0923,2454,215.7084
20.0923,2449,215.2689
20.0923,2444,214.8294
20.0923,2439,214.3899
19.6886,2434,213.9504
20.0923,2429,213.5109
20.0923,2424,213.0714
20.0923,2419,212.6319
19.6886,2413,212.1044
19.6886,2409,211.7528
20.0923,2404,211.3133
17.6193,3079,270.6463
17.8443,3075,270.2947
18.4893,3072,270.031
18.4893,3068,269.6794
18.6753,3063,269.2399
17.6193,3059,268.8883
18.9299,3055,268.5367
18.6753,3051,268.1851
18.6753,3046,267.7456
18.1583,3041,267.3061
17.6193,3035,266.7787
18.1583,3030,266.3392
17.7684,3024,265.8118
18.6753,3019,265.3723
18.0113,3014,264.9328
18.4178,3009,264.4933
18.2519,3004,264.0538
17.7684,2999,263.6143
18.2519,2994,263.1748
17.6193,2989,262.7353
18.2519,2984,262.2958
18.0113,2980,261.9442
18.4178,2976,261.5926
18.2519,2972,261.241
18.0113,2968,260.8893
18.2519,2964,260.5377
18.2519,2960,260.1861
18.4178,2956,259.8345
18.4178,2952,259.4829
18.0113,2947,259.0434
18.0113,2942,258.6039
18.4178,2937,258.1644
17.6193,2930,257.5491
17.8443,2926,257.1975
17.8443,2921,256.758
18.2519,2917,256.4064
18.4178,2912,255.9669
18.1583,2907,255.5274
18.0113,2903,255.1758
18.0113,2898,254.7363
18.6753,2893,254.2968
18.2519,2889,253.9452
18.8393,2884,253.5057
18.9299,2879,253.0662
18.4178,2875,252.7146
18.2519,2870,252.2751
18.0113,2865,251.8356
18.0113,2862,251.5719
18.2519,2856,251.0445
18.4178,2851,250.605
18.4178,2847,250.2534
18.2519,2842,249.8139
18.4178,2838,249.4623
18.4178,2832,248.9349
18.2519,2827,248.4953
18.4178,2822,248.0558
18.6753,2817,247.6163
18.2519,2813,247.2647
18.6753,2808,246.8252
18.8393,2803,246.3857
19.1151,2798,245.9462
18.4178,2794,245.5946
18.9299,2790,245.243
18.6753,2786,244.8914
18.6753,2782,244.5398
18.6753,2777,244.1003
18.6753,2772,243.6608
18.4178,2768,243.3092
18.6753,2763,242.8697
18.6753,2756,242.2544
18.2519,2750,241.727
19.3884,2744,241.1996
18.4178,2737,240.5843
18.4178,2730,239.969
18.4178,2724,239.4416
18.9299,2719,239.0021
18.2519,2713,238.4747
18.2519,2707,237.9473
18.2519,2702,237.5078
18.6753,2697,237.0683
18.4178,2693,236.7166
18.4178,2687,236.1892
18.2519,2682,235.7497
18.4178,2677,235.3102
18.4178,2672,234.8707
19.1151,2665,234.2554
18.2519,2659,233.728
19.1151,2650,232.9369
18.6753,2642,232.2337
18.6753,2633,231.4426
18.6753,2625,230.7394
19.1151,2616,229.9483
18.8393,2609,229.333
18.0113,2602,228.7177
18.6753,2595,228.1024
18.4178,2590,227.6629
18.8393,2584,227.1355
18.8393,2579,226.696
18.6753,2574,226.2565
18.6753,2568,225.7291
18.8393,2563,225.2896
19.1151,2557,224.7622
18.8393,2553,224.4105
18.8393,2547,223.8831
19.572,2542,223.4436
18.4178,2537,223.0041
18.4178,2531,222.4767
18.8393,2527,222.1251
18.4178,2521,221.5977
19.1151,2516,221.1582
18.4178,2510,220.6308
18.8393,2505,220.1913
18.8393,2500,219.7518
19.1151,2495,219.3123
18.6753,2490,218.8728
18.4178,2485,218.4333
19.1151,2481,218.0817
18.2519,2475,217.5543
18.4178,2471,217.2027
19.1151,2466,216.7632
18.6753,2461,216.3237
18.4178,2456,215.8842
19.1151,2451,215.4447
18.8393,2446,215.0052
19.3884,2441,214.5657
18.6753,2436,214.1262
19.1151,2430,213.5988
19.1151,2425,213.1593
19.1151,2419,212.6319
18.4178,2415,212.2802
19.1151,2410,211.8407
19.1151,2406,211.4891
18.4178,2401,211.0496
19.1151,2395,210.5222
19.1151,2388,209.9069
18.6753,2391,210.1706
19.2762,2394,210.4343
18.8393,2406,211.4891
19.1151,2409,211.7528
19.1151,2413,212.1044
18.6753,2418,212.544
19.2762,2423,212.9835
20.5909,2433,213.8625
20.5909,2444,214.8294
20.5909,2446,215.0052
19.8397,2449,215.2689
20.5909,2454,215.7084
20.2937,2464,216.5874
20.5909,2469,217.0269
20.2937,2471,217.2027
20.5909,2474,217.4664
20.5909,2483,218.2575
20.5909,2486,218.5212
19.8397,2490,218.8728
20.1171,2495,219.3123
20.2937,2502,219.9276
20.2937,2509,220.5429
20.1171,2510,220.6308
19.8397,2514,220.9824
20.5909,2517,221.2461
20.5909,2530,222.3888
20.5909,2531,222.4767
20.2937,2534,222.7404
19.8397,2543,223.5315
20.5909,2545,223.7073
20.5909,2553,224.4105
20.5909,2555,224.5863
20.2937,2560,225.0259
20.1171,2567,225.6412
20.5909,2572,226.0807
20.5909,2577,226.5202
20.2937,2578,226.6081
20.2937,2587,227.3992
20.2937,2589,227.575
20.2937,2595,228.1024
20.1171,2600,228.5419
20.1171,2607,229.1572
20.5909,2608,229.2451
20.5909,2617,230.0362
20.5909,2619,230.212
20.2937,2625,230.7394
20.5909,2632,231.3547
20.1171,2637,231.7942
20.1171,2642,232.2337
20.2937,2644,232.4095
20.3913,2652,233.1127
20.2937,2657,233.5522
19.9947,2658,233.6401
20.5909,2667,234.4312
19.5601,2672,234.8707
20.2937,2674,235.0465
20.5909,2682,235.7497
20.5909,2684,235.9255
20.5909,2693,236.7166
20.2937,2694,236.8046
20.2937,2702,237.5078
19.8397,2704,237.6836
20.5909,2710,238.211
19.8397,2717,238.8263
20.3913,2718,238.9142
20.1171,2728,239.7932
19.8397,2732,240.1448
20.1171,2734,240.3206
19.8397,2740,240.848
20.1171,2745,241.2875
20.1171,2752,241.9028
19.8397,2755,242.1665
20.1171,2762,242.7818
20.1171,2763,242.8697
20.1171,2772,243.6608
20.5909,2774,243.8366
20.5909,2660,233.8159
20.2937,2596,228.1903
20.5909,2534,222.7404
20.2937,2483,218.2575
20.2937,2454,215.7084
20.0862,2432,213.7746
19.9114,2430,213.5988
20.3803,2431,213.6867
20.0862,2432,213.7746
20.0862,2436,214.1262
20.0862,2439,214.3899
20.3803,2444,214.8294
20.3803,2448,215.181
20.3803,2453,215.6205
20.0862,2458,216.06
20.0862,2463,216.4995
20.0862,2468,216.939
20.0862,2473,217.3785
20.0862,2481,218.0817
20.3803,2485,218.4333
20.3803,2489,218.7849
20.8674,2494,219.2244
20.3803,2498,219.576
20.3803,2504,220.1034
20.0862,2509,220.5429
20.3803,2514,220.9824
20.0862,2519,221.4219
20.3803,2524,221.8614
20.3803,2529,222.3009
20.0862,2534,222.7404
20.3803,2538,223.092
20.0862,2543,223.5315
20.3803,2548,223.971
20.3803,2553,224.4105
20.3803,2558,224.8501
20.3803,2563,225.2896
20.552,2569,225.817
20.3803,2574,226.2565
20.8674,2578,226.6081
20.552,2584,227.1355
20.8674,2589,227.575
20.552,2593,227.9266
20.8674,2598,228.3661
24.8387,2603,228.8056
21.3734,2614,229.7725
27.5774,2619,230.212
21.5352,2624,230.6515
23.1453,2629,231.091
20.3803,2634,231.5305
20.3803,2636,231.7063
19.9114,2639,231.97
20.3803,2643,232.3216
20.3803,2648,232.7611
20.3803,2653,233.2006
20.3803,2658,233.6401
20.3803,2663,234.0796
19.9114,2668,234.5191
20.3803,2672,234.8707
20.3803,2677,235.3102
19.9114,2682,235.7497
19.6368,2687,236.1892
19.9114,2693,236.7166
19.9114,2698,237.1562
20.0862,2703,237.5957
20.0862,2708,238.0352
19.6368,2713,238.4747
20.0862,2718,238.9142
20.0862,2723,239.3537
20.0862,2728,239.7932
20.0862,2732,240.1448
20.0862,2738,240.6722
20.3803,2742,241.0238
20.552,2748,241.5512
20.0862,2753,241.9907
20.8674,2757,242.3423
20.0862,2763,242.8697
20.552,2767,243.2213
20.8674,2771,243.5729
20.8674,2777,244.1003
20.8674,2781,244.4519
20.8674,2786,244.8914
20.8674,2790,245.243
21.3734,2796,245.7704
21.3734,2810,247.001
21.3734,2811,247.0889
21.8989,2815,247.4405
21.5352,2824,248.2316
21.0349,2829,248.6711
21.3734,2831,248.8469
21.3734,2838,249.4623
21.3734,2840,249.6381
20.552,2843,249.9018
20.8674,2847,250.2534
21.0349,2852,250.6929
20.8674,2856,251.0445
21.3734,2862,251.5719
21.3734,2874,252.6267
21.5352,2876,252.8025
21.8989,2882,253.3299
21.8989,2887,253.7694
22.2616,2889,253.9452
20.552,2897,254.6484
20.8674,2899,254.8242
21.7102,2903,255.1758
21.8989,2912,255.9669
21.0349,2917,256.4064
21.3734,2919,256.5822
21.7102,2927,257.2854
21.3734,2932,257.7249
21.3734,2934,257.9007
21.3734,2938,258.2523
21.3734,2947,259.0434
21.5352,2949,259.2192
21.3734,2957,259.9224
21.8989,2959,260.0982
21.0349,2967,260.8014
21.3734,2969,260.9772
21.0349,2977,261.6805
21.3734,2980,261.9442
21.8989,2983,262.2079
21.3734,2992,262.999
21.8989,2997,263.4385
21.3734,2999,263.6143
21.3734,3002,263.878
21.3734,3006,264.2296
21.8989,3017,265.1965
21.3734,3021,265.5481
21.3734,3024,265.8118
21.8989,3027,266.0755
21.3734,3031,266.4271
21.3734,3042,267.394
21.3734,3044,267.5698
21.8989,3047,267.8335
21.3734,3060,268.9762
21.3734,3062,269.152
21.3734,3064,269.3278
21.3734,3068,269.6794
21.3734,3072,270.031
21.3734,3082,270.91
21.3734,3084,271.0858
21.3734,3088,271.4374
21.3734,3092,271.789
21.3734,3103,272.7559
21.8989,3104,272.8438
21.5352,3112,273.5471
21.7102,3118,274.0745
21.3734,3122,274.4261
21.0349,3128,274.9535
21.3734,3129,275.0414
21.3734,3133,275.393
21.3734,3137,275.7446
21.5352,3147,276.6236
21.8989,3152,277.0631
22.2616,3157,277.5026
21.5352,3162,277.9421
21.3734,3164,278.1179
21.8989,3172,278.8211
21.0349,3177,279.2606
21.5352,3182,279.7001
21.5352,3187,280.1396
21.0349,3189,280.3154
21.3734,3193,280.667
21.0349,3202,281.4581
21.3734,3208,281.9855
21.0349,3210,282.1613
21.0349,3213,282.425
21.3734,3219,282.9524
21.8989,3227,283.6556
21.5352,3233,284.183
21.7102,3237,284.5346
21.8989,3242,284.9741
21.5352,3244,285.1499
21.0349,3248,285.5016
21.3734,3257,286.2927
21.8989,3263,286.8201
21.7102,3267,287.1717
21.3734,3272,287.6112
21.8989,3275,287.8749
22.2616,3278,288.1386
21.3734,3288,289.0176
21.7102,3292,289.3692
21.0349,3298,289.8966
21.8989,3302,290.2482
21.3734,3307,290.6877
21.7102,3312,291.1272
21.3734,3317,291.5667
21.3734,3319,291.7425
21.5352,3323,292.0941
21.8989,3332,292.8852
21.5352,3337,293.3247
20.552,3339,293.5005
21.3734,3343,293.8521
21.0349,3352,294.6432
21.7102,3358,295.1706
21.3734,3362,295.5222
21.8989,3364,295.698
21.0349,3372,296.4012
21.3734,3377,296.8407
21.8989,3383,297.3681
21.3734,3385,297.544
21.3734,3388,297.8077
21.7102,3393,298.2472
21.3734,3402,299.0383
21.3734,3407,299.4778
21.0349,3409,299.6536
21.7102,3418,300.4447
21.3734,3422,300.7963
22.2616,3427,301.2358
21.3734,3432,301.6753
21.0349,3434,301.8511
21.0349,3442,302.5543
21.8989,3445,302.818
21.0349,3452,303.4333
21.3734,3455,303.697
21.3734,3462,304.3123
21.7102,3464,304.4881
21.0349,3472,305.1913
21.3734,3477,305.6308
21.8989,3482,306.0703
21.0349,3487,306.5098
21.8989,3490,306.7735
21.3734,3493,307.0372
21.3734,3502,307.8283
21.3734,3505,308.092
21.0349,3509,308.4436
21.8989,3517,309.1468
21.3734,3522,309.5863
21.3734,3527,310.0259
21.3734,3530,310.2896
21.3734,3533,310.5533
21.0349,3537,310.9049
21.0349,3547,311.7839
21.3734,3549,311.9597
21.3734,3557,312.6629
21.3734,3559,312.8387
21.3734,3563,313.1903
21.3734,3567,313.5419
21.3734,3577,314.4209
21.3734,3579,314.5967
21.3734,3583,314.9483
21.3734,3587,315.2999
21.0349,3597,316.1789
21.3734,3602,316.6184
21.8989,3605,316.8821
21.8989,3612,317.4974
21.3734,3614,317.6732
21.5352,3622,318.3764
21.0349,3627,318.8159
21.3734,3632,319.2554
21.3734,3634,319.4312
21.3734,3642,320.1344
21.3734,3644,320.3102
21.3734,3648,320.6618
21.0349,3653,321.1013
21.3734,3662,321.8925
21.3734,3667,322.332
21.3734,3669,322.5078
21.3734,3673,322.8594
21.3734,3677,323.211
21.3734,3687,324.09
21.3734,3689,324.2658
21.3734,3693,324.6174
21.3734,3697,324.969
21.0349,3708,325.9359
21.3734,3712,326.2875
21.8989,3714,326.4633
21.3734,3722,327.1665
21.3734,3727,327.606
21.8989,3726,327.5181
21.3734,3723,327.2544
21.0349,3719,326.9028
21.3734,3708,325.9359
21.3734,3703,325.4964
21.8989,3700,325.2327
21.3734,3693,324.6174
21.3734,3691,324.4416
21.3734,3683,323.7384
21.3734,3682,323.6505
21.3734,3677,323.211
21.3734,3673,322.8594
21.3734,3664,322.0683
21.3734,3662,321.8925
21.3734,3658,321.5408
21.3734,3653,321.1013
21.3734,3643,320.2223
21.0349,3641,320.0465
21.3734,3633,319.3433
21.3734,3632,319.2554
21.3734,3621,318.2885
21.3734,3619,318.1127
21.3734,3617,317.9369
21.3734,3613,317.5853
21.3734,3602,316.6184
21.3734,3602,316.6184
21.0349,3598,316.2668
21.3734,3594,315.9152
21.3734,3589,315.4757
21.3734,3584,315.0362
21.3734,3579,314.5967
21.0349,3575,314.2451
21.3734,3569,313.7177
21.0349,3564,313.2782
21.0349,3559,312.8387
21.3734,3554,312.3992
21.0349,3549,311.9597
21.8989,3544,311.5202
21.0349,3539,311.0807
21.3734,3534,310.6412
21.3734,3528,310.1138
21.3734,3524,309.7622
21.3734,3519,309.3226
21.0349,3514,308.8831
21.0349,3509,308.4436
21.3734,3504,308.0041
21.8989,3499,307.5646
21.3734,3494,307.1251
21.3734,3489,306.6856
21.0349,3484,306.2461
21.3734,3479,305.8066
21.7102,3474,305.3671
21.8989,3469,304.9276
21.3734,3464,304.4881
21.3734,3459,304.0486
21.0349,3454,303.6091
21.3734,3450,303.2575
21.3734,3444,302.7301
21.3734,3439,302.2906
21.3734,3434,301.8511
21.3734,3428,301.3237
21.3734,3424,300.9721
21.0349,3419,300.5326
21.3734,3414,300.0931
21.3734,3409,299.6536
21.3734,3404,299.2141
21.0349,3399,298.7746
21.3734,3394,298.3351
21.0349,3390,297.9835
21.3734,3384,297.456
21.3734,3379,297.0165
21.3734,3374,296.577
21.3734,3369,296.1375
21.8989,3364,295.698
21.0349,3357,295.0827
21.0349,3353,294.7311
21.3734,3348,294.2916
21.0349,3343,293.8521
21.3734,3339,293.5005
21.7102,3334,293.061
21.3734,3329,292.6215
21.0349,3324,292.182
21.3734,3319,291.7425
30.6633,3156,277.4147
31.1745,3092,271.789
31.8586,3026,265.9876
30.6633,2961,260.274
30.6633,2896,254.5605
20.6107,2764,242.9576
20.6107,2425,213.1593
20.6107,2427,213.3351
20.6107,2429,213.5109
20.6107,2433,213.8625
20.6107,2440,214.4778
20.6107,2444,214.8294
20.6107,2447,215.0931
20.6107,2453,215.6205
20.222,2458,216.06
20.6107,2463,216.4995
20.6107,2468,216.939
21.4391,2473,217.3785
20.6107,2478,217.818
20.6107,2483,218.2575
20.6107,2488,218.697
20.6107,2493,219.1365
20.6107,2498,219.576
20.6107,2504,220.1034
21.4391,2508,220.455
20.6107,2514,220.9824
20.6107,2518,221.334
20.6107,2523,221.7735
20.6107,2528,222.213
20.6107,2533,222.6525
20.6107,2538,223.092
20.6107,2543,223.5315
20.6107,2548,223.971
20.6107,2553,224.4105
20.6107,2559,224.938
20.9825,2564,225.3775
20.6107,2568,225.7291
20.6107,2573,226.1686
20.6107,2577,226.5202
20.6107,2583,227.0476
21.4391,2588,227.4871
20.6107,2593,227.9266
21.4391,2598,228.3661
20.6107,2602,228.7177
20.6107,2607,229.1572
20.6107,2612,229.5967
20.6107,2617,230.0362
20.6107,2622,230.4757
20.6107,2627,230.9152
21.4391,2632,231.3547
20.6107,2636,231.7063
21.4391,2642,232.2337
20.6107,2647,232.6732
20.6107,2652,233.1127
20.6107,2658,233.6401
20.6107,2663,234.0796
20.6107,2667,234.4312
20.6107,2672,234.8707
20.6107,2677,235.3102
20.6107,2682,235.7497
20.6107,2686,236.1013
20.6107,2692,236.6287
21.4391,2697,237.0683
20.6107,2703,237.5957
21.4391,2707,237.9473
21.4391,2713,238.4747
20.6107,2718,238.9142
20.6107,2722,239.2658
20.9825,2727,239.7053
21.4391,2732,240.1448
20.6107,2738,240.6722
20.6107,2742,241.0238
20.6107,2747,241.4633
21.4391,2751,241.8149
20.6107,2756,242.2544
20.222,2762,242.7818
20.6107,2767,243.2213
20.6107,2772,243.6608
21.4391,2776,244.0124
21.4391,2781,244.4519
20.6107,2787,244.9793
21.4391,2793,245.5067
20.6107,2798,245.9462
20.6107,2801,246.2099
20.6107,2806,246.6494
21.4391,2681,235.6618
21.4391,2615,229.8604
20.6107,2552,224.3226
21.4391,2494,219.2244
21.4391,2460,216.2358
21.4391,2442,214.6536
21.4391,2433,213.8625
20.6107,2429,213.5109
21.4391,2429,213.5109
21.3056,2431,213.6867
20.4824,2434,213.9504
21.3056,2443,214.7415
20.4824,2446,215.0052
20.8718,2449,215.2689
20.4824,2454,215.7084
20.4824,2459,216.1479
21.3056,2463,216.4995
20.0961,2468,216.939
20.0961,2473,217.3785
20.0961,2477,217.7301
21.3056,2483,218.2575
20.4824,2488,218.697
20.4824,2493,219.1365
21.3056,2498,219.576
21.3056,2503,220.0155
20.8718,2509,220.5429
20.0961,2514,220.9824
20.4824,2519,221.4219
20.4824,2523,221.7735
21.3056,2528,222.213
21.3056,2532,222.5646
20.0961,2538,223.092
20.0961,2542,223.4436
21.3056,2548,223.971
20.0961,2553,224.4105
20.0961,2558,224.8501
20.4824,2563,225.2896
20.8518,2568,225.7291
20.4824,2573,226.1686
20.0961,2580,226.7839
21.3056,2583,227.0476
20.4824,2587,227.3992
20.0961,2592,227.8387
20.0961,2597,228.2782
21.3056,2603,228.8056
19.3688,2608,229.2451
21.3056,2613,229.6846
20.0961,2618,230.1241
20.4824,2622,230.4757
20.4824,2628,231.0031
20.0961,2633,231.4426
20.0961,2638,231.8821
20.0961,2643,232.3216
20.8718,2647,232.6732
19.7139,2652,233.1127
20.0961,2658,233.6401
20.8718,2662,233.9917
20.0961,2668,234.5191
20.8718,2672,234.8707
20.0961,2679,235.486
20.4824,2684,235.9255
20.8718,2688,236.2771
20.4824,2693,236.7166
21.3056,2698,237.1562
20.8718,2702,237.5078
19.3688,2707,237.9473
20.4824,2712,238.3868
20.8718,2717,238.8263
20.0961,2721,239.1779
20.4824,2726,239.6174
20.0961,2731,240.0569
21.3056,2737,240.5843
20.0961,2742,241.0238
20.8718,2747,241.4633
19.7139,2752,241.9028
20.4824,2756,242.2544
20.4824,2761,242.6939
20.4824,2766,243.1334
20.0961,2771,243.5729
20.0961,2654,233.2885
20.0961,2591,227.7508
20.0961,2527,222.1251
20.4824,2478,217.818
20.0961,2451,215.4447
20.0961,2436,214.1262
20.0961,2429,213.5109
20.0961,2427,213.3351
21.0737,2428,213.423
20.6762,2431,213.6867
21.0737,2435,214.0383
21.0737,2439,214.3899
21.9207,2448,215.181
21.0737,2451,215.4447
21.0737,2454,215.7084
21.0737,2459,216.1479
21.4538,2464,216.5874
20.6762,2468,216.939
21.0737,2473,217.3785
21.4744,2478,217.818
21.0737,2483,218.2575
19.9279,2488,218.697
21.0737,2493,219.1365
19.9279,2498,219.576
21.0737,2503,220.0155
20.283,2509,220.5429
20.6762,2513,220.8945
21.0737,2518,221.334
21.0737,2523,221.7735
21.0737,2528,222.213
21.0737,2533,222.6525
20.6762,2538,223.092
19.9279,2543,223.5315
21.4744,2548,223.971
20.6762,2553,224.4105
22.3495,2558,224.8501
21.0737,2563,225.2896
20.283,2568,225.7291
20.283,2573,226.1686
20.6762,2577,226.5202
21.0737,2582,226.9597
20.283,2587,227.3992
20.6762,2592,227.8387
19.9279,2597,228.2782
21.4744,2604,228.8935
20.6762,2608,229.2451
21.9207,2612,229.5967
19.9279,2616,229.9483
20.6762,2621,230.3878
20.6762,2627,230.9152
21.0737,2633,231.4426
20.6762,2638,231.8821
21.4744,2643,232.3216
21.0737,2648,232.7611
21.0737,2652,233.1127
21.0737,2658,233.6401
20.6762,2663,234.0796
21.0737,2668,234.5191
21.0737,2672,234.8707
20.6762,2677,235.3102
19.9279,2683,235.8376
21.0737,2688,236.2771
20.6762,2692,236.6287
21.0737,2697,237.0683
20.6762,2702,237.5078
21.0737,2707,237.9473
21.0737,2712,238.3868
19.9279,2717,238.8263
19.9279,2721,239.1779
20.6762,2725,239.5295
20.6762,2693,236.7166
19.1078,2629,231.091
18.7816,2565,225.4654
19.7976,2503,220.0155
19.8145,2463,216.4995
19.4676,2442,214.6536
19.4676,2431,213.6867
20.1986,2422,212.8956
19.1078,2423,212.9835
20.1986,2426,213.2472
19.4676,2430,213.5988
20.1986,2434,213.9504
19.8145,2439,214.3899
20.1986,2444,214.8294
19.4676,2448,215.181
20.1986,2453,215.6205
20.5869,2458,216.06
19.7976,2463,216.4995
19.8145,2468,216.939
20.5869,2474,217.4664
19.7976,2479,217.9059
20.9783,2483,218.2575
20.1986,2489,218.7849
19.4676,2500,219.7518
20.9783,2501,219.8397
20.1986,2505,220.1913
19.7976,2510,220.6308
20.5869,2514,220.9824
20.1986,2524,221.8614
20.5869,2526,222.0372
20.5869,2530,222.3888
19.4676,2534,222.7404
20.5869,2538,223.092
20.1986,2544,223.6194
20.1986,2555,224.5863
20.1986,2556,224.6743
20.1986,2559,224.938
20.1986,2564,225.3775
20.1986,2569,225.817
20.1986,2579,226.696
20.1986,2581,226.8718
20.5869,2584,227.1355
20.1986,2589,227.575
20.1986,2593,227.9266
20.1986,2598,228.3661
20.1986,2603,228.8056
19.4676,2608,229.2451
19.4676,2613,229.6846
19.8145,2624,230.6515
19.4676,2626,230.8273
20.9783,2629,231.091
10.3948,2633,231.4426
10.2911,2637,231.7942
10.2911,2642,232.2337
10.2911,2647,232.6732
10.3948,2651,233.0248
10.3948,2658,233.6401
10.2911,2553,224.4105
10.2911,2493,219.1365
10.2911,2456,215.8842
20.3985,2436,214.1262
20.8052,2426,213.2472
20.3985,2422,212.8956
20.8052,2422,212.8956
20.8052,2423,212.9835
20.8052,2426,213.2472
20.8052,2430,213.5988
20.8052,2434,213.9504
20.8052,2438,214.302
20.8052,2450,215.3568
20.8052,2455,215.7963
20.8052,2456,215.8842
20.8052,2460,216.2358
21.2258,2464,216.5874
20.8052,2475,217.5543
20.8052,2476,217.6422
20.8052,2482,218.1696
21.2258,2485,218.4333
20.8052,2495,219.3123
20.8052,2496,219.4002
21.2258,2500,219.7518
20.8052,2504,220.1034
20.5809,2514,220.9824
21.2258,2520,221.5098
20.8052,2521,221.5977
21.2258,2524,221.8614
21.2258,2534,222.7404
20.8052,2539,223.1799
21.2258,2541,223.3557
20.8052,2544,223.6194
21.2258,2548,223.971
21.2258,2560,225.0259
21.2258,2563,225.2896
20.8052,2569,225.817
21.2258,2570,225.9049
21.2258,2574,226.2565
21.2258,2578,226.6081
21.2258,2589,227.575
21.2258,2594,228.0145
21.2258,2596,228.1903
21.2258,2599,228.454
20.8052,2608,229.2451
21.2258,2613,229.6846
21.2258,2615,229.8604
21.2258,2619,230.212
21.2258,2629,231.091
21.2258,2631,231.2668
21.2258,2634,231.5305
21.4605,2638,231.8821
21.2258,2649,232.849
21.2258,2654,233.2885
21.2258,2657,233.5522
21.4605,2659,233.728
21.6611,2669,234.607
21.2258,2671,234.7828
21.2258,2673,234.9586
21.2258,2678,235.3981
21.2258,2688,236.2771
21.2258,2694,236.8046
21.4605,2696,236.9804
21.2258,2699,237.2441
21.4605,2707,237.9473
21.6611,2713,238.4747
21.6611,2719,239.0021
21.6611,2720,239.09
22.1116,2723,239.3537
21.9107,2728,239.7932
21.9107,2738,240.6722
21.9107,2743,241.1117
22.3773,2745,241.2875
21.6611,2748,241.5512
22.1116,2759,242.5181
22.3773,2761,242.6939
22.3773,2764,242.9576
22.1116,2773,243.7487
21.6611,2777,244.1003
22.1116,2779,244.2761
22.1116,2782,244.5398
22.1116,2792,245.4188
22.1116,2798,245.9462
22.3773,2803,246.3857
22.1116,2805,246.5615
22.3773,2812,247.1768
22.1116,2815,247.4405
22.1116,2822,248.0558
22.1116,2683,235.8376
22.3773,2615,229.8604
22.1116,2548,223.971
20.4043,2489,218.7849
20.4043,2455,215.7963
20.6495,2429,213.5109
20.6495,2426,213.2472
19.9886,2427,213.3351
20.4043,2431,213.6867
20.4043,2434,213.9504
19.9886,2438,214.302
20.4043,2453,215.6205
20.4043,2454,215.7084
20.6495,2457,215.9721
20.6495,2462,216.4116
19.9886,2468,216.939
20.4043,2472,217.2906
20.4043,2477,217.7301
20.8346,2482,218.1696
25.536,2490,218.8728
22.8588,2493,219.1365
20.4043,2497,219.4881
20.4043,2503,220.0155
20.4043,2508,220.455
20.4043,2512,220.8066
20.8346,2517,221.2461
20.4043,2522,221.6856
20.4043,2527,222.1251
20.4043,2532,222.5646
20.6495,2537,223.0041
20.4043,2542,223.4436
20.4043,2547,223.8831
20.4043,2552,224.3226
20.8346,2557,224.7622
20.8346,2562,225.2017
20.8346,2567,225.6412
20.8346,2572,226.0807
20.8346,2583,227.0476
20.8346,2586,227.3113
21.2799,2589,227.575
20.4043,2593,227.9266
20.4043,2598,228.3661
20.8346,2604,228.8935
20.4043,2607,229.1572
20.6495,2611,229.5088
20.8346,2617,230.0362
20.8346,2622,230.4757
20.6495,2627,230.9152
20.4043,2632,231.3547
283.4168,2636,231.7063
